H2,L_spine,beta,xA,yA,xP,yP,tA_x,tA_y,nA_x,nA_y,tP_x,tP_y,nP_x,nP_y
0,5,-0.7853981633974483,,,,,,,,,,,,
0,5,-0.6283185307179586,,,,,,,,,,,,
0,5,-0.47123889803846897,,,,,,,,,,,,
0,5,-0.3141592653589793,,,,,,,,,,,,
0,5,-0.15707963267948966,,,,,,,,,,,,
0,5,0.0,,,,,,,,,,,,
0,5,0.15707963267948966,,,,,,,,,,,,
0,5,0.3141592653589793,,,,,,,,,,,,
0,5,0.47123889803846897,,,,,,,,,,,,
0,5,0.6283185307179586,,,,,,,,,,,,
0,5,0.7853981633974483,,,,,,,,,,,,
0,6,-0.7853981633974483,,,,,,,,,,,,
0,6,-0.6283185307179586,,,,,,,,,,,,
0,6,-0.47123889803846897,,,,,,,,,,,,
0,6,-0.3141592653589793,,,,,,,,,,,,
0,6,-0.15707963267948966,,,,,,,,,,,,
0,6,0.0,,,,,,,,,,,,
0,6,0.15707963267948966,,,,,,,,,,,,
0,6,0.3141592653589793,,,,,,,,,,,,
0,6,0.47123889803846897,,,,,,,,,,,,
0,6,0.6283185307179586,,,,,,,,,,,,
0,6,0.7853981633974483,,,,,,,,,,,,
0,7,-0.7853981633974483,,,,,,,,,,,,
0,7,-0.6283185307179586,,,,,,,,,,,,
0,7,-0.47123889803846897,,,,,,,,,,,,
0,7,-0.3141592653589793,,,,,,,,,,,,
0,7,-0.15707963267948966,,,,,,,,,,,,
0,7,0.0,,,,,,,,,,,,
0,7,0.15707963267948966,,,,,,,,,,,,
0,7,0.3141592653589793,,,,,,,,,,,,
0,7,0.47123889803846897,,,,,,,,,,,,
0,7,0.6283185307179586,,,,,,,,,,,,
0,7,0.7853981633974483,,,,,,,,,,,,
0,8,-0.7853981633974483,,,,,,,,,,,,
0,8,-0.6283185307179586,,,,,,,,,,,,
0,8,-0.47123889803846897,,,,,,,,,,,,
0,8,-0.3141592653589793,,,,,,,,,,,,
0,8,-0.15707963267948966,3.8505379717239876,1.0832161964777487,11.75204469648509,2.3346919167995956,-0.2708040491194372,0.9626344929309969,0.9626344929309969,0.2708040491194372,-0.5836729791998989,-0.8119888258787276,-0.8119888258787276,0.5836729791998989
0,8,0.0,3.5,1.9364916731037083,11.5,1.9364916731037083,-0.48412291827592707,0.875,0.875,0.48412291827592707,-0.48412291827592707,-0.875,-0.875,0.48412291827592707
0,8,0.15707963267948966,3.24795530351491,2.3346919167995956,11.149462028276012,1.0832161964777487,-0.5836729791998989,0.8119888258787274,0.8119888258787274,0.5836729791998989,-0.2708040491194372,-0.9626344929309969,-0.9626344929309969,0.2708040491194372
0,8,0.3141592653589793,,,,,,,,,,,,
0,8,0.47123889803846897,,,,,,,,,,,,
0,8,0.6283185307179586,,,,,,,,,,,,
0,8,0.7853981633974483,,,,,,,,,,,,
0,9,-0.7853981633974483,,,,,,,,,,,,
0,9,-0.6283185307179586,,,,,,,,,,,,
0,9,-0.47123889803846897,,,,,,,,,,,,
0,9,-0.3141592653589793,3.982433053606385,0.3744689219993072,12.541941700262766,3.155621871373834,-0.0936172304998268,0.9956082634015962,0.9956082634015964,0.09361723049982681,-0.7889054678434586,-0.6145145749343085,-0.6145145749343085,0.7889054678434586
0,9,-0.15707963267948966,3.6130391975451586,1.7163763448038538,12.5022342629014,3.1242865301659317,-0.42909408620096345,0.9032597993862896,0.9032597993862896,0.42909408620096345,-0.7810716325414832,-0.6244414342746503,-0.6244414342746503,0.7810716325414832
0,9,0.0,3.0,2.6457513110645907,12.0,2.6457513110645907,-0.6614378277661477,0.75,0.75,0.6614378277661477,-0.6614378277661477,-0.75,-0.75,0.6614378277661477
0,9,0.15707963267948966,2.497765737098602,3.1242865301659317,11.386960802454842,1.7163763448038538,-0.7810716325414829,0.6244414342746505,0.6244414342746505,0.7810716325414829,-0.42909408620096356,-0.9032597993862896,-0.9032597993862896,0.42909408620096356
0,9,0.3141592653589793,2.4580582997372344,3.1556218713738335,11.017566946393615,0.3744689219993069,-0.7889054678434585,0.6145145749343087,0.6145145749343087,0.7889054678434585,-0.09361723049982673,-0.9956082634015964,-0.9956082634015964,0.09361723049982673
0,9,0.47123889803846897,,,,,,,,,,,,
0,9,0.6283185307179586,,,,,,,,,,,,
0,9,0.7853981633974483,,,,,,,,,,,,
0,10,-0.7853981633974483,,,,,,,,,,,,
0,10,-0.6283185307179586,,,,,,,,,,,,
0,10,-0.47123889803846897,,,,,,,,,,,,
0,10,-0.3141592653589793,3.954213505425857,0.6034861667907185,13.464778668377392,3.693656110540193,-0.15087154169767966,0.9885533763564643,0.9885533763564643,0.15087154169767966,-0.9234140276350482,-0.3838053329056521,-0.3838053329056521,0.9234140276350482
0,10,-0.15707963267948966,3.429195261198998,2.059276538148856,13.306078667150377,3.6236211885511644,-0.514819134537214,0.8572988152997495,0.8572988152997495,0.514819134537214,-0.9059052971377912,-0.4234803332124058,-0.4234803332124058,0.9059052971377912
0,10,0.0,2.5,3.122498999199199,12.5,3.122498999199199,-0.7806247497997998,0.625,0.625,0.7806247497997998,-0.7806247497997998,-0.625,-0.625,0.7806247497997998
0,10,0.15707963267948966,1.6939213328496243,3.623621188551164,11.570804738801003,2.0592765381488554,-0.9059052971377911,0.42348033321240613,0.42348033321240613,0.9059052971377911,-0.5148191345372141,-0.8572988152997495,-0.8572988152997495,0.5148191345372141
0,10,0.3141592653589793,1.535221331622609,3.6936561105401924,11.045786494574143,0.6034861667907183,-0.9234140276350482,0.38380533290565233,0.3838053329056523,0.9234140276350481,-0.1508715416976796,-0.9885533763564643,-0.9885533763564643,0.1508715416976796
0,10,0.47123889803846897,,,,,,,,,,,,
0,10,0.6283185307179586,,,,,,,,,,,,
0,10,0.7853981633974483,,,,,,,,,,,,
0,11,-0.7853981633974483,,,,,,,,,,,,
0,11,-0.6283185307179586,,,,,,,,,,,,
0,11,-0.47123889803846897,,,,,,,,,,,,
0,11,-0.3141592653589793,3.9607630237154,0.5588884235416248,14.422384702962088,3.9580753616660465,-0.1397221058854062,0.99019075592885,0.99019075592885,0.1397221058854062,-0.9895188404165116,-0.14440382425947806,-0.14440382425947806,0.9895188404165116
0,11,-0.15707963267948966,3.3409673871896732,2.1995310676903403,14.205539133736188,3.92031018313288,-0.5498827669225851,0.8352418467974183,0.8352418467974183,0.5498827669225851,-0.98007754578322,-0.19861521656595293,-0.19861521656595293,0.98007754578322
0,11,0.0,2.0,3.4641016151377544,13.0,3.4641016151377544,-0.8660254037844387,0.5000000000000001,0.5000000000000001,0.8660254037844387,-0.8660254037844387,-0.5000000000000001,-0.5000000000000001,0.8660254037844387
0,11,0.15707963267948966,0.7944608662638112,3.92031018313288,11.659032612810327,2.199531067690341,-0.98007754578322,0.1986152165659528,0.1986152165659528,0.98007754578322,-0.5498827669225852,-0.8352418467974183,-0.8352418467974183,0.5498827669225852
0,11,0.3141592653589793,0.5776152970379136,3.9580753616660465,11.039236976284602,0.5588884235416249,-0.9895188404165116,0.1444038242594784,0.1444038242594784,0.9895188404165116,-0.13972210588540632,-0.99019075592885,-0.99019075592885,0.13972210588540632
0,11,0.47123889803846897,,,,,,,,,,,,
0,11,0.6283185307179586,,,,,,,,,,,,
0,11,0.7853981633974483,,,,,,,,,,,,
0,12,-0.7853981633974483,,,,,,,,,,,,
0,12,-0.6283185307179586,,,,,,,,,,,,
0,12,-0.47123889803846897,,,,,,,,,,,,
0,12,-0.3141592653589793,3.9907823721637525,0.2713964959741584,15.403460567705594,3.979600428473527,-0.0678491239935396,0.9976955930409381,0.9976955930409381,0.0678491239935396,-0.9949001071183817,0.1008651419263984,0.10086514192639841,0.9949001071183818
0,12,-0.15707963267948966,3.3950261712590337,2.1151352903458034,15.247286258400687,3.992348870828574,-0.5287838225864508,0.8487565428147584,0.8487565428147585,0.528783822586451,-0.9980872177071435,0.06182156460017163,0.06182156460017163,0.9980872177071435
0,12,0.0,1.5,3.7080992435478315,13.5,3.7080992435478315,-0.9270248108869579,0.375,0.375,0.9270248108869579,-0.9270248108869579,-0.375,-0.375,0.9270248108869579
0,12,0.15707963267948966,-0.24728625840068763,3.992348870828574,11.604973828740965,2.1151352903458034,-0.9980872177071435,-0.06182156460017191,-0.06182156460017191,0.9980872177071435,-0.5287838225864507,-0.8487565428147585,-0.8487565428147585,0.5287838225864507
0,12,0.3141592653589793,,,,,,,,,,,,
0,12,0.47123889803846897,,,,,,,,,,,,
0,12,0.6283185307179586,,,,,,,,,,,,
0,12,0.7853981633974483,,,,,,,,,,,,
0,13,-0.7853981633974483,,,,,,,,,,,,
0,13,-0.6283185307179586,,,,,,,,,,,,
0,13,-0.47123889803846897,,,,,,,,,,,,
0,13,-0.3141592653589793,,,,,,,,,,,,
0,13,-0.15707963267948966,3.626444047543175,1.687869535846499,16.466392475279967,3.7215175813695005,-0.42196738396162475,0.9066110118857937,0.9066110118857937,0.42196738396162475,-0.9303793953423749,0.36659811881999177,0.36659811881999177,0.9303793953423749
0,13,0.0,1.0,3.872983346207417,14.0,3.872983346207417,-0.9682458365518543,0.25,0.25,0.9682458365518543,-0.9682458365518543,-0.25,-0.25,0.9682458365518543
0,13,0.15707963267948966,-1.4663924752799655,3.7215175813695005,11.373555952456826,1.6878695358464992,-0.9303793953423751,-0.3665981188199914,-0.3665981188199914,0.9303793953423751,-0.42196738396162486,-0.9066110118857936,-0.9066110118857936,0.42196738396162486
0,13,0.3141592653589793,,,,,,,,,,,,
0,13,0.47123889803846897,,,,,,,,,,,,
0,13,0.6283185307179586,,,,,,,,,,,,
0,13,0.7853981633974483,,,,,,,,,,,,
0,14,-0.7853981633974483,,,,,,,,,,,,
0,14,-0.6283185307179586,,,,,,,,,,,,
0,14,-0.47123889803846897,,,,,,,,,,,,
0,14,-0.3141592653589793,,,,,,,,,,,,
0,14,-0.15707963267948966,3.9383788429141657,0.6994083854845309,17.766015611246093,2.889490896047763,-0.17485209637113272,0.9845947107285414,0.9845947107285414,0.17485209637113272,-0.7223727240119407,0.6915039028115233,0.6915039028115233,0.7223727240119407
0,14,0.0,0.5,3.968626966596886,14.5,3.968626966596886,-0.9921567416492215,0.125,0.125,0.9921567416492215,-0.9921567416492215,-0.125,-0.125,0.9921567416492215
0,14,0.15707963267948966,,,,,,,,,,,,
0,14,0.3141592653589793,,,,,,,,,,,,
0,14,0.47123889803846897,,,,,,,,,,,,
0,14,0.6283185307179586,,,,,,,,,,,,
0,14,0.7853981633974483,,,,,,,,,,,,
0,15,-0.7853981633974483,,,,,,,,,,,,
0,15,-0.6283185307179586,,,,,,,,,,,,
0,15,-0.47123889803846897,,,,,,,,,,,,
0,15,-0.3141592653589793,,,,,,,,,,,,
0,15,-0.15707963267948966,,,,,,,,,,,,
0,15,0.0,,,,,,,,,,,,
0,15,0.15707963267948966,,,,,,,,,,,,
0,15,0.3141592653589793,,,,,,,,,,,,
0,15,0.47123889803846897,,,,,,,,,,,,
0,15,0.6283185307179586,,,,,,,,,,,,
0,15,0.7853981633974483,,,,,,,,,,,,
0,16,-0.7853981633974483,,,,,,,,,,,,
0,16,-0.6283185307179586,,,,,,,,,,,,
0,16,-0.47123889803846897,,,,,,,,,,,,
0,16,-0.3141592653589793,,,,,,,,,,,,
0,16,-0.15707963267948966,,,,,,,,,,,,
0,16,0.0,-0.5,3.968626966596886,15.5,3.968626966596886,-0.9921567416492215,-0.125,-0.125,0.9921567416492215,-0.9921567416492215,0.125,0.125,0.9921567416492215
0,16,0.15707963267948966,,,,,,,,,,,,
0,16,0.3141592653589793,,,,,,,,,,,,
0,16,0.47123889803846897,,,,,,,,,,,,
0,16,0.6283185307179586,,,,,,,,,,,,
0,16,0.7853981633974483,,,,,,,,,,,,
0,17,-0.7853981633974483,,,,,,,,,,,,
0,17,-0.6283185307179586,,,,,,,,,,,,
0,17,-0.47123889803846897,,,,,,,,,,,,
0,17,-0.3141592653589793,,,,,,,,,,,,
0,17,-0.15707963267948966,,,,,,,,,,,,
0,17,0.0,-1.0,3.872983346207417,16.0,3.872983346207417,-0.9682458365518543,-0.25,-0.25,0.9682458365518543,-0.9682458365518543,0.25,0.25,0.9682458365518543
0,17,0.15707963267948966,2.144479336384882,3.3765675435000935,18.935181126502226,0.7171816378161688,-0.8441418858750234,0.5361198340962205,0.5361198340962205,0.8441418858750234,-0.17929540945404218,0.9837952816255562,0.9837952816255562,0.17929540945404218
0,17,0.3141592653589793,,,,,,,,,,,,
0,17,0.47123889803846897,,,,,,,,,,,,
0,17,0.6283185307179586,,,,,,,,,,,,
0,17,0.7853981633974483,,,,,,,,,,,,
0,18,-0.7853981633974483,,,,,,,,,,,,
0,18,-0.6283185307179586,,,,,,,,,,,,
0,18,-0.47123889803846897,,,,,,,,,,,,
0,18,-0.3141592653589793,,,,,,,,,,,,
0,18,-0.15707963267948966,,,,,,,,,,,,
0,18,0.0,-1.5,3.7080992435478315,16.5,3.7080992435478315,-0.9270248108869579,-0.375,-0.375,0.9270248108869579,-0.9270248108869579,0.375,0.375,0.9270248108869579
0,18,0.15707963267948966,1.0856460077809613,3.849853600565775,18.864036138493443,1.034033229841619,-0.9624634001414438,0.2714115019452404,0.27141150194524033,0.9624634001414437,-0.2585083074604047,0.9660090346233605,0.9660090346233605,0.2585083074604047
0,18,0.3141592653589793,,,,,,,,,,,,
0,18,0.47123889803846897,,,,,,,,,,,,
0,18,0.6283185307179586,,,,,,,,,,,,
0,18,0.7853981633974483,,,,,,,,,,,,
0,19,-0.7853981633974483,,,,,,,,,,,,
0,19,-0.6283185307179586,,,,,,,,,,,,
0,19,-0.47123889803846897,,,,,,,,,,,,
0,19,-0.3141592653589793,,,,,,,,,,,,
0,19,-0.15707963267948966,-3.8660453149059917,1.026495797893704,14.900033156401626,3.9987506336580907,-0.256623949473426,-0.9665113287264979,-0.9665113287264979,0.256623949473426,-0.9996876584145227,-0.0249917108995934,-0.0249917108995934,0.9996876584145227
0,19,0.0,-2.0,3.4641016151377544,17.0,3.4641016151377544,-0.8660254037844387,-0.5000000000000001,-0.5000000000000001,0.8660254037844387,-0.8660254037844387,0.5000000000000001,0.5000000000000001,0.8660254037844387
0,19,0.15707963267948966,0.09996684359837317,3.9987506336580902,18.866045314905993,1.0264957978937037,-0.9996876584145226,0.024991710899593293,0.024991710899593293,0.9996876584145226,-0.25662394947342587,0.9665113287264979,0.9665113287264979,0.25662394947342587
0,19,0.3141592653589793,,,,,,,,,,,,
0,19,0.47123889803846897,,,,,,,,,,,,
0,19,0.6283185307179586,,,,,,,,,,,,
0,19,0.7853981633974483,,,,,,,,,,,,
0,20,-0.7853981633974483,,,,,,,,,,,,
0,20,-0.6283185307179586,,,,,,,,,,,,
0,20,-0.47123889803846897,,,,,,,,,,,,
0,20,-0.3141592653589793,,,,,,,,,,,,
0,20,-0.15707963267948966,-3.9224225021633914,0.7839653783951687,15.831344309739366,3.912654679199786,-0.19599134459879217,-0.9806056255408478,-0.9806056255408478,0.19599134459879217,-0.9781636697999465,0.20783607743484156,0.20783607743484156,0.9781636697999465
0,20,0.0,-2.5,3.122498999199199,17.5,3.122498999199199,-0.7806247497997998,-0.625,-0.625,0.7806247497997998,-0.7806247497997998,0.625,0.625,0.7806247497997998
0,20,0.15707963267948966,-0.8313443097393651,3.9126546791997856,18.922422502163393,0.7839653783951683,-0.9781636697999465,-0.2078360774348413,-0.2078360774348413,0.9781636697999465,-0.19599134459879203,0.980605625540848,0.980605625540848,0.19599134459879203
0,20,0.3141592653589793,,,,,,,,,,,,
0,20,0.47123889803846897,,,,,,,,,,,,
0,20,0.6283185307179586,,,,,,,,,,,,
0,20,0.7853981633974483,,,,,,,,,,,,
1,5,-0.7853981633974483,,,,,,,,,,,,
1,5,-0.6283185307179586,,,,,,,,,,,,
1,5,-0.47123889803846897,,,,,,,,,,,,
1,5,-0.3141592653589793,,,,,,,,,,,,
1,5,-0.15707963267948966,,,,,,,,,,,,
1,5,0.0,,,,,,,,,,,,
1,5,0.15707963267948966,,,,,,,,,,,,
1,5,0.3141592653589793,,,,,,,,,,,,
1,5,0.47123889803846897,,,,,,,,,,,,
1,5,0.6283185307179586,,,,,,,,,,,,
1,5,0.7853981633974483,,,,,,,,,,,,
1,6,-0.7853981633974483,,,,,,,,,,,,
1,6,-0.6283185307179586,,,,,,,,,,,,
1,6,-0.47123889803846897,,,,,,,,,,,,
1,6,-0.3141592653589793,,,,,,,,,,,,
1,6,-0.15707963267948966,,,,,,,,,,,,
1,6,0.0,,,,,,,,,,,,
1,6,0.15707963267948966,,,,,,,,,,,,
1,6,0.3141592653589793,,,,,,,,,,,,
1,6,0.47123889803846897,,,,,,,,,,,,
1,6,0.6283185307179586,,,,,,,,,,,,
1,6,0.7853981633974483,,,,,,,,,,,,
1,7,-0.7853981633974483,,,,,,,,,,,,
1,7,-0.6283185307179586,,,,,,,,,,,,
1,7,-0.47123889803846897,,,,,,,,,,,,
1,7,-0.3141592653589793,,,,,,,,,,,,
1,7,-0.15707963267948966,,,,,,,,,,,,
1,7,0.0,,,,,,,,,,,,
1,7,0.15707963267948966,3.9577504049485,0.5798376773977234,11.028003254154696,0.47248476271124507,-0.14495941934943085,0.989437601237125,0.989437601237125,0.14495941934943085,-0.11812119067781131,-0.9929991864613265,-0.9929991864613265,0.11812119067781131
1,7,0.3141592653589793,,,,,,,,,,,,
1,7,0.47123889803846897,,,,,,,,,,,,
1,7,0.6283185307179586,,,,,,,,,,,,
1,7,0.7853981633974483,,,,,,,,,,,,
1,8,-0.7853981633974483,,,,,,,,,,,,
1,8,-0.6283185307179586,,,,,,,,,,,,
1,8,-0.47123889803846897,,,,,,,,,,,,
1,8,-0.3141592653589793,,,,,,,,,,,,
1,8,-0.15707963267948966,3.9991064016342137,0.08454577699833259,11.744178661355084,2.323709837915317,-0.021136444249583147,0.9997766004085534,0.9997766004085534,0.021136444249583147,-0.5809274594788293,-0.8139553346612289,-0.8139553346612289,0.5809274594788293
1,8,0.0,3.7645751311064592,1.3520259177452132,11.76457513110646,2.3520259177452134,-0.3380064794363033,0.9411437827766148,0.9411437827766148,0.3380064794363033,-0.5880064794363035,-0.8088562172233852,-0.8088562172233852,0.5880064794363035
1,8,0.15707963267948966,3.395711116455848,2.1140354806810073,11.453652306257181,1.8502481009542981,-0.5285088701702518,0.848927779113962,0.8489277791139621,0.5285088701702519,-0.46256202523857465,-0.8865869234357049,-0.8865869234357048,0.4625620252385746
1,8,0.3141592653589793,3.184859559726618,2.420055698701576,11.102328684462794,0.8989762599971505,-0.605013924675394,0.7962148899316545,0.7962148899316545,0.605013924675394,-0.22474406499928765,-0.9744178288843016,-0.9744178288843016,0.22474406499928765
1,8,0.47123889803846897,,,,,,,,,,,,
1,8,0.6283185307179586,,,,,,,,,,,,
1,8,0.7853981633974483,,,,,,,,,,,,
1,9,-0.7853981633974483,,,,,,,,,,,,
1,9,-0.6283185307179586,,,,,,,,,,,,
1,9,-0.47123889803846897,,,,,,,,,,,,
1,9,-0.3141592653589793,,,,,,,,,,,,
1,9,-0.15707963267948966,3.911432759766537,0.8370745282381563,12.644193360082546,3.232673054195372,-0.2092686320595391,0.9778581899416343,0.9778581899416343,0.2092686320595391,-0.8081682635488431,-0.5889516599793635,-0.5889516599793635,0.8081682635488431
1,9,0.0,3.4271210980886244,2.0627265885317474,12.427121098088625,3.0627265885317474,-0.5156816471329368,0.8567802745221561,0.8567802745221561,0.5156816471329368,-0.7656816471329368,-0.6432197254778438,-0.6432197254778439,0.765681647132937
1,9,0.15707963267948966,2.789705181294683,2.8666260658581892,11.835334711691154,2.446404221091249,-0.7166565164645473,0.6974262953236707,0.6974262953236708,0.7166565164645474,-0.6116010552728124,-0.7911663220772117,-0.7911663220772117,0.6116010552728124
1,9,0.3141592653589793,2.3790840100065593,3.215580705460696,11.24760965103789,1.385484272381323,-0.803895176365174,0.5947710025016398,0.5947710025016398,0.803895176365174,-0.3463710680953308,-0.9380975872405278,-0.9380975872405279,0.3463710680953308
1,9,0.47123889803846897,,,,,,,,,,,,
1,9,0.6283185307179586,,,,,,,,,,,,
1,9,0.7853981633974483,,,,,,,,,,,,
1,10,-0.7853981633974483,,,,,,,,,,,,
1,10,-0.6283185307179586,,,,,,,,,,,,
1,10,-0.47123889803846897,,,,,,,,,,,,
1,10,-0.3141592653589793,,,,,,,,,,,,
1,10,-0.15707963267948966,3.8239255801576943,1.1737091451529384,13.544374521068839,3.7257421361503846,-0.2934272862882346,0.9559813950394236,0.9559813950394236,0.2934272862882346,-0.9314355340375962,-0.3639063697327902,-0.3639063697327902,0.9314355340375962
1,10,0.0,3.104470524826989,2.5223526241349443,13.10447052482699,3.5223526241349443,-0.6305881560337361,0.7761176312067473,0.7761176312067473,0.6305881560337361,-0.8805881560337363,-0.47388236879325263,-0.47388236879325263,0.8805881560337363
1,10,0.15707963267948966,2.1232247970522584,3.3899729292698484,12.156542668043866,2.8133166194626775,-0.8474932323174621,0.5308061992630646,0.5308061992630646,0.8474932323174621,-0.7033291548656693,-0.7108643329890335,-0.7108643329890335,0.7033291548656693
1,10,0.3141592653589793,1.5008334045132488,3.707762005832787,11.32041556183973,1.5686485783784665,-0.9269405014581967,0.3752083511283122,0.3752083511283122,0.9269405014581967,-0.3921621445946165,-0.9198961095400671,-0.9198961095400671,0.3921621445946165
1,10,0.47123889803846897,1.6359444580735991,3.6501624251666223,11.000000199696824,0.001263951959522558,-0.9125406062916556,0.4089861145183998,0.4089861145183998,0.9125406062916556,-0.0003159879898806395,-0.9999999500757939,-0.9999999500757939,0.0003159879898806395
1,10,0.6283185307179586,,,,,,,,,,,,
1,10,0.7853981633974483,,,,,,,,,,,,
1,11,-0.7853981633974483,,,,,,,,,,,,
1,11,-0.6283185307179586,,,,,,,,,,,,
1,11,-0.47123889803846897,,,,,,,,,,,,
1,11,-0.3141592653589793,,,,,,,,,,,,
1,11,-0.15707963267948966,3.796135770230912,1.2606955278628387,14.504273051737195,3.9691629839005156,-0.31517388196570967,0.949033942557728,0.949033942557728,0.31517388196570967,-0.992290745975129,-0.12393173706570117,-0.12393173706570117,0.992290745975129
1,11,0.0,2.8313702367707396,2.8254809470829576,13.83137023677074,3.8254809470829576,-0.7063702367707394,0.7078425591926849,0.7078425591926849,0.7063702367707394,-0.9563702367707394,-0.2921574408073151,-0.2921574408073151,0.9563702367707394
1,11,0.15707963267948966,1.3642564956222047,3.7601601314508697,12.385262707208952,3.0270693566034677,-0.9400400328627174,0.3410641239055512,0.3410641239055512,0.9400400328627174,-0.7567673391508671,-0.6536843231977623,-0.6536843231977623,0.7567673391508671
1,11,0.3141592653589793,0.5281236823199078,3.9649823929209145,11.298762355941545,1.5168519710916466,-0.9912455982302286,0.13203092057997695,0.13203092057997695,0.9912455982302286,-0.3792129927729117,-0.925309411014614,-0.925309411014614,0.3792129927729117
1,11,0.47123889803846897,,,,,,,,,,,,
1,11,0.6283185307179586,,,,,,,,,,,,
1,11,0.7853981633974483,,,,,,,,,,,,
1,12,-0.7853981633974483,,,,,,,,,,,,
1,12,-0.6283185307179586,,,,,,,,,,,,
1,12,-0.47123889803846897,,,,,,,,,,,,
1,12,-0.3141592653589793,,,,,,,,,,,,
1,12,-0.15707963267948966,3.8462938332627474,1.0981911255355141,15.542119455364169,3.963093046613422,-0.2745477813838786,0.961573458315687,0.961573458315687,0.2745477813838786,-0.9907732616533556,0.13552986384104226,0.13552986384104226,0.9907732616533556
1,12,0.0,2.661895003862225,2.9856850115866753,14.661895003862226,3.9856850115866753,-0.7464212528966688,0.6654737509655563,0.6654737509655563,0.7464212528966688,-0.9964212528966688,-0.08452624903444361,-0.08452624903444361,0.9964212528966688
1,12,0.15707963267948966,0.44584274765198956,3.9750753759351687,12.454537299833873,3.085550136047536,-0.9937688439837923,0.1114606869129974,0.1114606869129974,0.9937688439837923,-0.7713875340118841,-0.6363656750415317,-0.6363656750415317,0.7713875340118842
1,12,0.3141592653589793,-0.5352831695873012,3.964022190699312,11.18641202032949,1.2068747744950965,-0.9910055476748281,-0.13382079239682532,-0.13382079239682532,0.9910055476748281,-0.3017186936237742,-0.9533969949176277,-0.9533969949176277,0.3017186936237742
1,12,0.47123889803846897,,,,,,,,,,,,
1,12,0.6283185307179586,,,,,,,,,,,,
1,12,0.7853981633974483,,,,,,,,,,,,
1,13,-0.7853981633974483,,,,,,,,,,,,
1,13,-0.6283185307179586,,,,,,,,,,,,
1,13,-0.47123889803846897,,,,,,,,,,,,
1,13,-0.3141592653589793,,,,,,,,,,,,
1,13,-0.15707963267948966,3.9500964875662383,0.6298712081980455,16.6336104502628,3.6512075943161846,-0.1574678020495114,0.9875241218915597,0.9875241218915597,0.1574678020495114,-0.9128018985790459,0.4084026125657,0.4084026125657,0.9128018985790459
1,13,0.0,2.7175564037317668,2.9351128074635335,15.717556403731766,3.9351128074635335,-0.7337782018658834,0.6793891009329417,0.6793891009329417,0.7337782018658834,-0.9837782018658835,0.1793891009329416,0.1793891009329416,0.9837782018658835
1,13,0.15707963267948966,-0.7738683953530845,3.924427054574163,12.222514497423937,2.8784673496462996,-0.9811067636435409,-0.19346709883827115,-0.19346709883827115,0.9811067636435409,-0.719616837411575,-0.6943713756440159,-0.6943713756440159,0.719616837411575
1,13,0.3141592653589793,,,,,,,,,,,,
1,13,0.47123889803846897,,,,,,,,,,,,
1,13,0.6283185307179586,,,,,,,,,,,,
1,13,0.7853981633974483,,,,,,,,,,,,
1,14,-0.7853981633974483,,,,,,,,,,,,
1,14,-0.6283185307179586,,,,,,,,,,,,
1,14,-0.47123889803846897,,,,,,,,,,,,
1,14,-0.3141592653589793,,,,,,,,,,,,
1,14,-0.15707963267948966,,,,,,,,,,,,
1,14,0.0,3.2838821814150108,2.2838821814150108,17.28388218141501,3.2838821814150108,-0.5709705453537528,0.8209705453537528,0.8209705453537528,0.5709705453537528,-0.8209705453537529,0.5709705453537526,0.5709705453537526,0.8209705453537529
1,14,0.15707963267948966,,,,,,,,,,,,
1,14,0.3141592653589793,,,,,,,,,,,,
1,14,0.47123889803846897,,,,,,,,,,,,
1,14,0.6283185307179586,,,,,,,,,,,,
1,14,0.7853981633974483,,,,,,,,,,,,
1,15,-0.7853981633974483,,,,,,,,,,,,
1,15,-0.6283185307179586,,,,,,,,,,,,
1,15,-0.47123889803846897,,,,,,,,,,,,
1,15,-0.3141592653589793,,,,,,,,,,,,
1,15,-0.15707963267948966,,,,,,,,,,,,
1,15,0.0,,,,,,,,,,,,
1,15,0.15707963267948966,,,,,,,,,,,,
1,15,0.3141592653589793,,,,,,,,,,,,
1,15,0.47123889803846897,,,,,,,,,,,,
1,15,0.6283185307179586,,,,,,,,,,,,
1,15,0.7853981633974483,,,,,,,,,,,,
1,16,-0.7853981633974483,,,,,,,,,,,,
1,16,-0.6283185307179586,,,,,,,,,,,,
1,16,-0.47123889803846897,,,,,,,,,,,,
1,16,-0.3141592653589793,,,,,,,,,,,,
1,16,-0.15707963267948966,,,,,,,,,,,,
1,16,0.0,,,,,,,,,,,,
1,16,0.15707963267948966,2.8137533739102767,2.8430251407274847,18.77320128847271,1.3277620406789286,-0.7107562851818712,0.7034383434775692,0.7034383434775692,0.7107562851818712,-0.3319405101697323,0.9433003221181778,0.9433003221181778,0.3319405101697323
1,16,0.3141592653589793,,,,,,,,,,,,
1,16,0.47123889803846897,,,,,,,,,,,,
1,16,0.6283185307179586,,,,,,,,,,,,
1,16,0.7853981633974483,,,,,,,,,,,,
1,17,-0.7853981633974483,,,,,,,,,,,,
1,17,-0.6283185307179586,,,,,,,,,,,,
1,17,-0.47123889803846897,,,,,,,,,,,,
1,17,-0.3141592653589793,,,,,,,,,,,,
1,17,-0.15707963267948966,,,,,,,,,,,,
1,17,0.0,-2.7175564037317668,2.9351128074635335,14.282443596268234,3.9351128074635335,-0.7337782018658834,-0.6793891009329417,-0.6793891009329417,0.7337782018658834,-0.9837782018658835,-0.1793891009329416,-0.1793891009329416,0.9837782018658835
1,17,0.15707963267948966,1.4943399254271712,3.7103838328769054,18.441476180584743,2.0386862677881186,-0.9275959582192264,0.3735849813567928,0.3735849813567928,0.9275959582192264,-0.5096715669470296,0.8603690451461858,0.8603690451461858,0.5096715669470296
1,17,0.3141592653589793,,,,,,,,,,,,
1,17,0.47123889803846897,,,,,,,,,,,,
1,17,0.6283185307179586,,,,,,,,,,,,
1,17,0.7853981633974483,,,,,,,,,,,,
1,18,-0.7853981633974483,,,,,,,,,,,,
1,18,-0.6283185307179586,,,,,,,,,,,,
1,18,-0.47123889803846897,,,,,,,,,,,,
1,18,-0.3141592653589793,,,,,,,,,,,,
1,18,-0.15707963267948966,,,,,,,,,,,,
1,18,0.0,-2.661895003862225,2.9856850115866753,15.338104996137774,3.9856850115866753,-0.7464212528966688,-0.6654737509655563,-0.6654737509655563,0.7464212528966688,-0.9964212528966688,0.08452624903444361,0.08452624903444361,0.9964212528966688
1,18,0.15707963267948966,0.4397446023717241,3.975754605692476,18.374569198124433,2.1476225755634584,-0.993938651423119,0.10993615059293102,0.10993615059293102,0.993938651423119,-0.5369056438908646,0.8436422995311084,0.8436422995311084,0.5369056438908646
1,18,0.3141592653589793,,,,,,,,,,,,
1,18,0.47123889803846897,,,,,,,,,,,,
1,18,0.6283185307179586,,,,,,,,,,,,
1,18,0.7853981633974483,,,,,,,,,,,,
1,19,-0.7853981633974483,,,,,,,,,,,,
1,19,-0.6283185307179586,,,,,,,,,,,,
1,19,-0.47123889803846897,,,,,,,,,,,,
1,19,-0.3141592653589793,,,,,,,,,,,,
1,19,-0.15707963267948966,,,,,,,,,,,,
1,19,0.0,-2.8313702367707396,2.8254809470829576,16.168629763229262,3.8254809470829576,-0.7063702367707394,-0.7078425591926849,-0.7078425591926849,0.7063702367707394,-0.9563702367707394,0.29215744080731554,0.29215744080731554,0.9563702367707394
1,19,0.15707963267948966,-0.45251635956800934,3.974321192898646,18.469996576779838,1.9897546977293974,-0.9935802982246615,-0.11312908989200234,-0.11312908989200234,0.9935802982246615,-0.49743867443234935,0.8674991441949595,0.8674991441949595,0.49743867443234935
1,19,0.3141592653589793,,,,,,,,,,,,
1,19,0.47123889803846897,,,,,,,,,,,,
1,19,0.6283185307179586,,,,,,,,,,,,
1,19,0.7853981633974483,,,,,,,,,,,,
1,20,-0.7853981633974483,,,,,,,,,,,,
1,20,-0.6283185307179586,,,,,,,,,,,,
1,20,-0.47123889803846897,,,,,,,,,,,,
1,20,-0.3141592653589793,,,,,,,,,,,,
1,20,-0.15707963267948966,,,,,,,,,,,,
1,20,0.0,-3.104470524826989,2.5223526241349443,16.89552947517301,3.5223526241349443,-0.6305881560337361,-0.7761176312067473,-0.7761176312067473,0.6305881560337361,-0.8805881560337363,0.47388236879325263,0.47388236879325263,0.8805881560337363
1,20,0.15707963267948966,-1.2676485289029795,3.7938196065667267,18.642552748040004,1.6528186463572472,-0.9484549016416817,-0.3169121322257449,-0.3169121322257449,0.9484549016416817,-0.413204661589312,0.9106381870100014,0.9106381870100013,0.41320466158931196
1,20,0.3141592653589793,,,,,,,,,,,,
1,20,0.47123889803846897,,,,,,,,,,,,
1,20,0.6283185307179586,,,,,,,,,,,,
1,20,0.7853981633974483,,,,,,,,,,,,
2,5,-0.7853981633974483,,,,,,,,,,,,
2,5,-0.6283185307179586,,,,,,,,,,,,
2,5,-0.47123889803846897,,,,,,,,,,,,
2,5,-0.3141592653589793,,,,,,,,,,,,
2,5,-0.15707963267948966,,,,,,,,,,,,
2,5,0.0,,,,,,,,,,,,
2,5,0.15707963267948966,,,,,,,,,,,,
2,5,0.3141592653589793,,,,,,,,,,,,
2,5,0.47123889803846897,,,,,,,,,,,,
2,5,0.6283185307179586,,,,,,,,,,,,
2,5,0.7853981633974483,,,,,,,,,,,,
2,6,-0.7853981633974483,,,,,,,,,,,,
2,6,-0.6283185307179586,,,,,,,,,,,,
2,6,-0.47123889803846897,,,,,,,,,,,,
2,6,-0.3141592653589793,,,,,,,,,,,,
2,6,-0.15707963267948966,,,,,,,,,,,,
2,6,0.0,,,,,,,,,,,,
2,6,0.15707963267948966,,,,,,,,,,,,
2,6,0.3141592653589793,,,,,,,,,,,,
2,6,0.47123889803846897,,,,,,,,,,,,
2,6,0.6283185307179586,,,,,,,,,,,,
2,6,0.7853981633974483,,,,,,,,,,,,
2,7,-0.7853981633974483,,,,,,,,,,,,
2,7,-0.6283185307179586,,,,,,,,,,,,
2,7,-0.47123889803846897,,,,,,,,,,,,
2,7,-0.3141592653589793,,,,,,,,,,,,
2,7,-0.15707963267948966,,,,,,,,,,,,
2,7,0.0,,,,,,,,,,,,
2,7,0.15707963267948966,3.980817485183865,0.3912699191790849,11.207504799430291,1.2716053450877443,-0.09781747979477122,0.9952043712959663,0.9952043712959663,0.09781747979477122,-0.3179013362719361,-0.9481238001424274,-0.9481238001424274,0.3179013362719361
2,7,0.3141592653589793,3.827423364634696,1.1622522909628628,11.102852967450666,0.901246362928538,-0.29056307274071574,0.9568558411586741,0.956855841158674,0.2905630727407157,-0.2253115907321345,-0.9742867581373336,-0.9742867581373336,0.2253115907321345
2,7,0.47123889803846897,,,,,,,,,,,,
2,7,0.6283185307179586,,,,,,,,,,,,
2,7,0.7853981633974483,,,,,,,,,,,,
2,8,-0.7853981633974483,,,,,,,,,,,,
2,8,-0.6283185307179586,,,,,,,,,,,,
2,8,-0.47123889803846897,,,,,,,,,,,,
2,8,-0.3141592653589793,,,,,,,,,,,,
2,8,-0.15707963267948966,,,,,,,,,,,,
2,8,0.0,3.9555734516094203,0.5945070806329705,11.955573451609421,2.5945070806329706,-0.14862677015824263,0.9888933629023551,0.9888933629023551,0.14862677015824263,-0.6486267701582428,-0.7611066370976449,-0.7611066370976449,0.6486267701582428
2,8,0.15707963267948966,3.6142574736127067,1.7138094743683427,11.82863312845427,2.437710435236771,-0.4284523685920857,0.9035643684031767,0.9035643684031767,0.4284523685920857,-0.6094276088091928,-0.7928417178864327,-0.7928417178864327,0.6094276088091928
2,8,0.3141592653589793,3.2098846519968625,2.386763608084173,11.436370771107986,1.8167406856749009,-0.5966909020210434,0.8024711629992157,0.8024711629992157,0.5966909020210434,-0.4541851714187253,-0.8909073072230035,-0.8909073072230036,0.45418517141872533
2,8,0.47123889803846897,3.035804515616663,2.604590359914871,11.071837708602699,0.7546794103752328,-0.6511475899787178,0.7589511289041657,0.7589511289041657,0.6511475899787178,-0.18866985259380814,-0.9820405728493251,-0.9820405728493251,0.18866985259380814
2,8,0.6283185307179586,,,,,,,,,,,,
2,8,0.7853981633974483,,,,,,,,,,,,
2,9,-0.7853981633974483,,,,,,,,,,,,
2,9,-0.6283185307179586,,,,,,,,,,,,
2,9,-0.47123889803846897,,,,,,,,,,,,
2,9,-0.3141592653589793,,,,,,,,,,,,
2,9,-0.15707963267948966,,,,,,,,,,,,
2,9,0.0,3.7745966692414834,1.32379000772445,12.774596669241483,3.32379000772445,-0.3309475019311125,0.9436491673103709,0.9436491673103709,0.3309475019311125,-0.8309475019311126,-0.5563508326896294,-0.5563508326896294,0.8309475019311126
2,9,0.15707963267948966,3.1660071605819073,2.444667392334607,12.368071156018608,3.0121338881628046,-0.6111668480836518,0.791501790145477,0.791501790145477,0.6111668480836518,-0.7530334720407011,-0.6579822109953479,-0.6579822109953479,0.7530334720407011
2,9,0.3141592653589793,2.507018864678861,3.1168664411784337,11.684561500085138,2.2378265243942144,-0.7792166102946084,0.6267547161697152,0.6267547161697152,0.7792166102946084,-0.5594566310985537,-0.8288596249787156,-0.8288596249787156,0.5594566310985537
2,9,0.47123889803846897,2.2082043505249214,3.335241152648907,11.135244067699325,1.031339703369722,-0.8338102881622268,0.5520510876312303,0.5520510876312303,0.8338102881622268,-0.2578349258424305,-0.9661889830751687,-0.9661889830751687,0.2578349258424305
2,9,0.6283185307179586,,,,,,,,,,,,
2,9,0.7853981633974483,,,,,,,,,,,,
2,10,-0.7853981633974483,,,,,,,,,,,,
2,10,-0.6283185307179586,,,,,,,,,,,,
2,10,-0.47123889803846897,,,,,,,,,,,,
2,10,-0.3141592653589793,,,,,,,,,,,,
2,10,-0.15707963267948966,3.9953960504349455,0.19186036633145342,13.55941052630586,3.7315816979240375,-0.047965091582863356,0.9988490126087364,0.9988490126087364,0.047965091582863356,-0.9328954244810095,-0.36014736842353484,-0.3601473684235348,0.9328954244810094
2,10,0.0,3.5985884360051026,1.7464710900127571,13.598588436005102,3.746471090012757,-0.43661777250318934,0.8996471090012758,0.8996471090012758,0.43661777250318934,-0.9366177725031892,-0.3503528909987246,-0.3503528909987246,0.9366177725031892
2,10,0.15707963267948966,2.676677727739378,2.9724394597407633,12.866430063771217,3.38347149052873,-0.7431098649351908,0.6691694319348445,0.6691694319348445,0.7431098649351908,-0.8458678726321825,-0.5333924840571957,-0.5333924840571957,0.8458678726321825
2,10,0.3141592653589793,1.6972060379399867,3.622083884282645,11.825805189641418,2.434026973123478,-0.9055209710706613,0.42430150948499673,0.4243015094849967,0.9055209710706612,-0.6085067432808696,-0.7935487025896457,-0.7935487025896457,0.6085067432808696
2,10,0.47123889803846897,1.3142035579204074,3.7779450774659686,11.13224979928318,1.0200531284472367,-0.9444862693664922,0.32855088948010186,0.32855088948010186,0.9444862693664922,-0.25501328211180924,-0.9669375501792051,-0.9669375501792051,0.25501328211180924
2,10,0.6283185307179586,,,,,,,,,,,,
2,10,0.7853981633974483,,,,,,,,,,,,
2,11,-0.7853981633974483,,,,,,,,,,,,
2,11,-0.6283185307179586,,,,,,,,,,,,
2,11,-0.47123889803846897,,,,,,,,,,,,
2,11,-0.3141592653589793,,,,,,,,,,,,
2,11,-0.15707963267948966,3.9903595222496833,0.2775443805795397,14.542062338715736,3.9737001772123546,-0.06938609514488492,0.9975898805624208,0.9975898805624208,0.06938609514488492,-0.9934250443030886,-0.11448441532106601,-0.11448441532106601,0.9934250443030886
2,11,0.0,3.4832396974191324,1.9664793948382653,14.483239697419133,3.9664793948382653,-0.4916198487095663,0.8708099243547831,0.8708099243547832,0.4916198487095664,-0.9916198487095663,-0.12919007564521667,-0.12919007564521667,0.9916198487095663
2,11,0.15707963267948966,2.1446440459981684,3.3764629297483197,13.322084722625146,3.6310604954960555,-0.8441157324370799,0.5361610114995421,0.5361610114995421,0.8441157324370799,-0.9077651238740141,-0.41947881934371367,-0.41947881934371367,0.9077651238740141
2,11,0.3141592653589793,0.7452732628578799,3.929957730519397,11.824928930854465,2.432883824985282,-0.9824894326298493,0.18631831571447,0.18631831571447,0.9824894326298493,-0.6082209562463208,-0.793767767286384,-0.7937677672863841,0.6082209562463209
2,11,0.47123889803846897,0.3660216328976846,3.983218317422598,11.075074398448825,0.7713358686643192,-0.9958045793556496,0.09150540822442116,0.09150540822442114,0.9958045793556495,-0.19283396716607987,-0.981231400387794,-0.981231400387794,0.19283396716607987
2,11,0.6283185307179586,,,,,,,,,,,,
2,11,0.7853981633974483,,,,,,,,,,,,
2,12,-0.7853981633974483,,,,,,,,,,,,
2,12,-0.6283185307179586,,,,,,,,,,,,
2,12,-0.47123889803846897,,,,,,,,,,,,
2,12,-0.3141592653589793,,,,,,,,,,,,
2,12,-0.15707963267948966,3.998457226458809,0.11108468922100082,15.53784838352,3.9636749508940463,-0.027771172305250204,0.9996143066147023,0.9996143066147023,0.027771172305250204,-0.9909187377235117,0.13446209588000005,0.13446209588000005,0.9909187377235117
2,12,0.0,3.4806758753205744,1.9710138129808614,15.480675875320575,3.9710138129808614,-0.49275345324521536,0.8701689688301436,0.8701689688301436,0.49275345324521536,-0.9927534532452154,0.12016896883014372,0.12016896883014372,0.9927534532452154
2,12,0.15707963267948966,1.5468669455818473,3.6887942003676875,13.711995962803961,3.7869573010751925,-0.9221985500919219,0.38671673639546184,0.38671673639546184,0.9221985500919219,-0.9467393252687981,-0.32200100929900977,-0.32200100929900977,0.9467393252687981
2,12,0.3141592653589793,-0.3876487850028566,3.981171739511599,11.64306339928888,2.175080839602537,-0.9952929348778997,-0.09691219625071415,-0.09691219625071415,0.9952929348778997,-0.5437702099006343,-0.8392341501777798,-0.8392341501777798,0.5437702099006343
2,12,0.47123889803846897,,,,,,,,,,,,
2,12,0.6283185307179586,,,,,,,,,,,,
2,12,0.7853981633974483,,,,,,,,,,,,
2,13,-0.7853981633974483,,,,,,,,,,,,
2,13,-0.6283185307179586,,,,,,,,,,,,
2,13,-0.47123889803846897,,,,,,,,,,,,
2,13,-0.3141592653589793,,,,,,,,,,,,
2,13,-0.15707963267948966,,,,,,,,,,,,
2,13,0.0,3.6457513110645907,1.6457513110645905,16.64575131106459,3.6457513110645907,-0.4114378277661476,0.9114378277661477,0.9114378277661477,0.4114378277661476,-0.9114378277661478,0.4114378277661475,0.4114378277661475,0.9114378277661478
2,13,0.15707963267948966,0.8008812514416223,3.91900360054559,13.953698609258874,3.8607322362128644,-0.9797509001363977,0.2002203128604056,0.2002203128604056,0.9797509001363977,-0.9651830590532161,-0.26157534768528157,-0.26157534768528157,0.9651830590532161
2,13,0.3141592653589793,,,,,,,,,,,,
2,13,0.47123889803846897,,,,,,,,,,,,
2,13,0.6283185307179586,,,,,,,,,,,,
2,13,0.7853981633974483,,,,,,,,,,,,
2,14,-0.7853981633974483,,,,,,,,,,,,
2,14,-0.6283185307179586,,,,,,,,,,,,
2,14,-0.47123889803846897,,,,,,,,,,,,
2,14,-0.3141592653589793,,,,,,,,,,,,
2,14,-0.15707963267948966,,,,,,,,,,,,
2,14,0.0,3.9351128074635335,0.7175564037317669,17.935112807463533,2.7175564037317668,-0.17938910093294172,0.9837782018658834,0.9837782018658834,0.17938910093294172,-0.6793891009329418,0.7337782018658833,0.7337782018658833,0.6793891009329418
2,14,0.15707963267948966,-0.5337201160051572,3.964232944438488,13.606785582407234,3.7495271150655314,-0.991058236109622,-0.1334300290012893,-0.1334300290012893,0.991058236109622,-0.937381778766383,-0.3483036043981916,-0.3483036043981916,0.937381778766383
2,14,0.3141592653589793,,,,,,,,,,,,
2,14,0.47123889803846897,,,,,,,,,,,,
2,14,0.6283185307179586,,,,,,,,,,,,
2,14,0.7853981633974483,,,,,,,,,,,,
2,15,-0.7853981633974483,,,,,,,,,,,,
2,15,-0.6283185307179586,,,,,,,,,,,,
2,15,-0.47123889803846897,,,,,,,,,,,,
2,15,-0.3141592653589793,,,,,,,,,,,,
2,15,-0.15707963267948966,,,,,,,,,,,,
2,15,0.0,,,,,,,,,,,,
2,15,0.15707963267948966,3.712163762745024,1.4899128157589305,18.840357801752553,1.1187725213457431,-0.37247820393973263,0.928040940686256,0.928040940686256,0.37247820393973263,-0.27969313033643567,0.9600894504381379,0.9600894504381379,0.27969313033643567
2,15,0.3141592653589793,,,,,,,,,,,,
2,15,0.47123889803846897,,,,,,,,,,,,
2,15,0.6283185307179586,,,,,,,,,,,,
2,15,0.7853981633974483,,,,,,,,,,,,
2,16,-0.7853981633974483,,,,,,,,,,,,
2,16,-0.6283185307179586,,,,,,,,,,,,
2,16,-0.47123889803846897,,,,,,,,,,,,
2,16,-0.3141592653589793,,,,,,,,,,,,
2,16,-0.15707963267948966,,,,,,,,,,,,
2,16,0.0,,,,,,,,,,,,
2,16,0.15707963267948966,1.1312816820884182,3.83669151167659,17.247164061691084,3.3091167522231717,-0.9591728779191476,0.2828204205221046,0.2828204205221046,0.9591728779191476,-0.8272791880557929,0.561791015422771,0.561791015422771,0.8272791880557929
2,16,0.3141592653589793,,,,,,,,,,,,
2,16,0.47123889803846897,,,,,,,,,,,,
2,16,0.6283185307179586,,,,,,,,,,,,
2,16,0.7853981633974483,,,,,,,,,,,,
2,17,-0.7853981633974483,,,,,,,,,,,,
2,17,-0.6283185307179586,,,,,,,,,,,,
2,17,-0.47123889803846897,,,,,,,,,,,,
2,17,-0.3141592653589793,,,,,,,,,,,,
2,17,-0.15707963267948966,,,,,,,,,,,,
2,17,0.0,,,,,,,,,,,,
2,17,0.15707963267948966,0.13690750850491154,3.9976563551804922,17.240478228702713,3.313647130686843,-0.9994140887951231,0.034226877126227885,0.034226877126227885,0.9994140887951231,-0.8284117826717109,0.5601195571756784,0.5601195571756784,0.828411782671711
2,17,0.3141592653589793,,,,,,,,,,,,
2,17,0.47123889803846897,,,,,,,,,,,,
2,17,0.6283185307179586,,,,,,,,,,,,
2,17,0.7853981633974483,,,,,,,,,,,,
2,18,-0.7853981633974483,,,,,,,,,,,,
2,18,-0.6283185307179586,,,,,,,,,,,,
2,18,-0.47123889803846897,,,,,,,,,,,,
2,18,-0.3141592653589793,,,,,,,,,,,,
2,18,-0.15707963267948966,,,,,,,,,,,,
2,18,0.0,-3.4806758753205744,1.9710138129808614,14.519324124679425,3.9710138129808614,-0.49275345324521536,-0.8701689688301436,-0.8701689688301436,0.49275345324521536,-0.9927534532452154,-0.12016896883014372,-0.12016896883014372,0.9927534532452154
2,18,0.15707963267948966,-0.5840225238727089,3.957135035806758,17.50723653692023,3.1166913462728782,-0.9892837589516895,-0.14600563096817723,-0.14600563096817723,0.9892837589516895,-0.7791728365682196,0.6268091342300579,0.6268091342300579,0.7791728365682196
2,18,0.3141592653589793,1.2606373341374923,3.796155095854056,18.99768861620015,0.13596222969530958,-0.949038773963514,0.3151593335343731,0.3151593335343731,0.949038773963514,-0.0339905574238274,0.9994221540500379,0.9994221540500379,0.0339905574238274
2,18,0.47123889803846897,,,,,,,,,,,,
2,18,0.6283185307179586,,,,,,,,,,,,
2,18,0.7853981633974483,,,,,,,,,,,,
2,19,-0.7853981633974483,,,,,,,,,,,,
2,19,-0.6283185307179586,,,,,,,,,,,,
2,19,-0.47123889803846897,,,,,,,,,,,,
2,19,-0.3141592653589793,,,,,,,,,,,,
2,19,-0.15707963267948966,,,,,,,,,,,,
2,19,0.0,-3.4832396974191324,1.9664793948382653,15.516760302580867,3.9664793948382653,-0.4916198487095663,-0.8708099243547831,-0.8708099243547832,0.4916198487095664,-0.9916198487095663,0.12919007564521667,0.12919007564521667,0.9916198487095663
2,19,0.15707963267948966,-1.2311642605853779,3.8058158866998886,17.8477831408027,2.8089377321257776,-0.9514539716749723,-0.3077910651463445,-0.30779106514634447,0.9514539716749721,-0.7022344330314444,0.7119457852006752,0.7119457852006752,0.7022344330314444
2,19,0.3141592653589793,0.3118488847887101,3.987825256083325,18.99995668314652,0.01861539554963132,-0.9969563140208313,0.07796222119717752,0.07796222119717752,0.9969563140208313,-0.004653848887407831,0.9999891707866306,0.9999891707866306,0.004653848887407831
2,19,0.47123889803846897,,,,,,,,,,,,
2,19,0.6283185307179586,,,,,,,,,,,,
2,19,0.7853981633974483,,,,,,,,,,,,
2,20,-0.7853981633974483,,,,,,,,,,,,
2,20,-0.6283185307179586,,,,,,,,,,,,
2,20,-0.47123889803846897,,,,,,,,,,,,
2,20,-0.3141592653589793,,,,,,,,,,,,
2,20,-0.15707963267948966,,,,,,,,,,,,
2,20,0.0,-3.5985884360051026,1.7464710900127571,16.4014115639949,3.746471090012757,-0.43661777250318934,-0.8996471090012758,-0.8996471090012758,0.43661777250318934,-0.9366177725031892,0.3503528909987246,0.3503528909987246,0.9366177725031892
2,20,0.15707963267948966,-1.8582877963970572,3.542141508432684,18.20834794558616,2.388828888818342,-0.885535377108171,-0.4645719490992643,-0.4645719490992643,0.885535377108171,-0.5972072222045856,0.8020869863965396,0.8020869863965396,0.5972072222045856
2,20,0.3141592653589793,,,,,,,,,,,,
2,20,0.47123889803846897,,,,,,,,,,,,
2,20,0.6283185307179586,,,,,,,,,,,,
2,20,0.7853981633974483,,,,,,,,,,,,
3,5,-0.7853981633974483,,,,,,,,,,,,
3,5,-0.6283185307179586,,,,,,,,,,,,
3,5,-0.47123889803846897,,,,,,,,,,,,
3,5,-0.3141592653589793,,,,,,,,,,,,
3,5,-0.15707963267948966,,,,,,,,,,,,
3,5,0.0,,,,,,,,,,,,
3,5,0.15707963267948966,,,,,,,,,,,,
3,5,0.3141592653589793,,,,,,,,,,,,
3,5,0.47123889803846897,,,,,,,,,,,,
3,5,0.6283185307179586,,,,,,,,,,,,
3,5,0.7853981633974483,,,,,,,,,,,,
3,6,-0.7853981633974483,,,,,,,,,,,,
3,6,-0.6283185307179586,,,,,,,,,,,,
3,6,-0.47123889803846897,,,,,,,,,,,,
3,6,-0.3141592653589793,,,,,,,,,,,,
3,6,-0.15707963267948966,,,,,,,,,,,,
3,6,0.0,,,,,,,,,,,,
3,6,0.15707963267948966,,,,,,,,,,,,
3,6,0.3141592653589793,,,,,,,,,,,,
3,6,0.47123889803846897,,,,,,,,,,,,
3,6,0.6283185307179586,,,,,,,,,,,,
3,6,0.7853981633974483,,,,,,,,,,,,
3,7,-0.7853981633974483,,,,,,,,,,,,
3,7,-0.6283185307179586,,,,,,,,,,,,
3,7,-0.47123889803846897,,,,,,,,,,,,
3,7,-0.3141592653589793,,,,,,,,,,,,
3,7,-0.15707963267948966,,,,,,,,,,,,
3,7,0.0,,,,,,,,,,,,
3,7,0.15707963267948966,,,,,,,,,,,,
3,7,0.3141592653589793,3.8431073467147865,1.1092907290818004,11.427553943905703,1.7993413173426291,-0.27732268227045015,0.9607768366786967,0.9607768366786967,0.27732268227045015,-0.4498353293356573,-0.8931115140235741,-0.8931115140235741,0.4498353293356573
3,7,0.47123889803846897,3.5985622853867,1.7465249721067404,11.197579453923915,1.2416110464950165,-0.43663124302668516,0.8996405713466751,0.8996405713466751,0.43663124302668516,-0.3104027616237541,-0.9506051365190211,-0.9506051365190213,0.31040276162375413
3,7,0.6283185307179586,3.5749541812068037,1.7943529759420223,11.001428898708856,0.10690719301955287,-0.44858824398550556,0.8937385453017009,0.8937385453017009,0.44858824398550556,-0.02672679825488822,-0.9996427753227862,-0.9996427753227863,0.026726798254888225
3,7,0.7853981633974483,,,,,,,,,,,,
3,8,-0.7853981633974483,,,,,,,,,,,,
3,8,-0.6283185307179586,,,,,,,,,,,,
3,8,-0.47123889803846897,,,,,,,,,,,,
3,8,-0.3141592653589793,,,,,,,,,,,,
3,8,-0.15707963267948966,,,,,,,,,,,,
3,8,0.0,,,,,,,,,,,,
3,8,0.15707963267948966,3.831846918568884,1.1475840677937916,12.202657038450678,2.859173369257358,-0.28689601694844796,0.9579617296422211,0.9579617296422211,0.28689601694844796,-0.7147933423143394,-0.6993357403873305,-0.6993357403873305,0.7147933423143394
3,8,0.3141592653589793,3.370445348119522,2.1540887064695076,11.905948461605593,2.535122300355389,-0.5385221766173769,0.8426113370298804,0.8426113370298804,0.5385221766173769,-0.6337805750888473,-0.7735128845986019,-0.7735128845986019,0.6337805750888473
3,8,0.47123889803846897,2.9234774368382244,2.7300695368978802,11.413501129563807,1.7711651115466096,-0.6825173842244701,0.7308693592095561,0.7308693592095561,0.6825173842244701,-0.4427912778866524,-0.8966247176090483,-0.8966247176090483,0.4427912778866524
3,8,0.6283185307179586,2.806102419010825,2.8505769966835834,11.041594130887825,0.5753459614686407,-0.7126442491708959,0.7015256047527062,0.7015256047527062,0.7126442491708959,-0.14383649036716023,-0.9896014672780441,-0.9896014672780441,0.14383649036716023
3,8,0.7853981633974483,,,,,,,,,,,,
3,9,-0.7853981633974483,,,,,,,,,,,,
3,9,-0.6283185307179586,,,,,,,,,,,,
3,9,-0.47123889803846897,,,,,,,,,,,,
3,9,-0.3141592653589793,,,,,,,,,,,,
3,9,-0.15707963267948966,,,,,,,,,,,,
3,9,0.0,3.9746794344808962,0.44935886896179267,12.974679434480896,3.4493588689617924,-0.11233971724044818,0.9936698586202242,0.9936698586202242,0.11233971724044818,-0.8623397172404481,-0.506330141379776,-0.506330141379776,0.8623397172404481
3,9,0.15707963267948966,3.5455611456461633,1.851754887258102,12.904059606123095,3.406909723681437,-0.4629387218145255,0.8863902864115408,0.8863902864115408,0.4629387218145255,-0.8517274309203593,-0.5239850984692263,-0.5239850984692263,0.8517274309203593
3,9,0.3141592653589793,2.7945724414897413,2.861881351360686,12.281132071270966,2.93389795087162,-0.7154703378401716,0.6986431103724353,0.6986431103724353,0.7154703378401716,-0.733474487717905,-0.6797169821822586,-0.6797169821822586,0.733474487717905
3,9,0.47123889803846897,2.136868405786804,3.3813892731169184,11.517898622700756,1.968494348026101,-0.8453473182792297,0.5342171014467011,0.5342171014467011,0.8453473182792297,-0.49212358700652525,-0.8705253443248111,-0.8705253443248111,0.49212358700652525
3,9,0.6283185307179586,2.0008385443235075,3.463617346005385,11.045347250575453,0.6006010584979693,-0.8659043365013464,0.500209636080877,0.5002096360808769,0.8659043365013462,-0.1501502646244923,-0.9886631873561365,-0.9886631873561365,0.1501502646244923
3,9,0.7853981633974483,,,,,,,,,,,,
3,10,-0.7853981633974483,,,,,,,,,,,,
3,10,-0.6283185307179586,,,,,,,,,,,,
3,10,-0.47123889803846897,,,,,,,,,,,,
3,10,-0.3141592653589793,,,,,,,,,,,,
3,10,-0.15707963267948966,,,,,,,,,,,,
3,10,0.0,3.909004654941586,0.8483410915693107,13.909004654941587,3.848341091569311,-0.21208527289232768,0.9772511637353966,0.9772511637353966,0.21208527289232768,-0.9620852728923277,-0.27274883626460333,-0.27274883626460333,0.9620852728923277
3,10,0.15707963267948966,3.2414951815528874,2.3436529154227195,13.587681982624957,3.742373286805824,-0.58591322885568,0.810373795388222,0.8103737953882219,0.5859132288556799,-0.935593321701456,-0.3530795043437607,-0.35307950434376073,0.9355933217014561
3,10,0.3141592653589793,2.1108489712835525,3.3976928378579436,12.54846511735993,3.16069244299393,-0.849423209464486,0.5277122428208882,0.5277122428208882,0.849423209464486,-0.7901731107484825,-0.6128837206600175,-0.6128837206600175,0.7901731107484825
3,10,0.47123889803846897,1.2295949119473075,3.806323206522706,11.501631653049627,1.9394377816923418,-0.9515808016306765,0.3073987279868269,0.3073987279868269,0.9515808016306765,-0.48485944542308546,-0.8745920867375934,-0.8745920867375934,0.48485944542308546
3,10,0.6283185307179586,1.164188653137041,3.8268348252710047,11.017714353763933,0.37603328547111614,-0.9567087063177513,0.2910471632842603,0.2910471632842603,0.9567087063177513,-0.09400832136777901,-0.9955714115590164,-0.9955714115590164,0.09400832136777901
3,10,0.7853981633974483,,,,,,,,,,,,
3,11,-0.7853981633974483,,,,,,,,,,,,
3,11,-0.6283185307179586,,,,,,,,,,,,
3,11,-0.47123889803846897,,,,,,,,,,,,
3,11,-0.3141592653589793,,,,,,,,,,,,
3,11,-0.15707963267948966,,,,,,,,,,,,
3,11,0.0,3.8734993995195195,0.9979991993593593,14.87349939951952,3.9979991993593593,-0.24949979983983983,0.9683748498798799,0.9683748498798799,0.24949979983983983,-0.9994997998398398,-0.031625150120119905,-0.031625150120119905,0.9994997998398398
3,11,0.15707963267948966,2.9565064184223697,2.694266096328893,14.290381560089576,3.9365520026717666,-0.6735665240822233,0.7391266046055924,0.7391266046055924,0.6735665240822233,-0.9841380006679417,-0.17740460997760588,-0.17740460997760588,0.9841380006679417
3,11,0.3141592653589793,1.2736352204605315,3.79181398873975,12.662307882832064,3.245796599500789,-0.9479534971849375,0.31840880511513286,0.31840880511513286,0.9479534971849375,-0.8114491498751975,-0.5844230292919842,-0.5844230292919842,0.8114491498751975
3,11,0.47123889803846897,0.2040508833612818,3.9947920142354696,11.367094148651969,1.6739160896655587,-0.9986980035588674,0.05101272084032045,0.05101272084032045,0.9986980035588674,-0.41847902241638973,-0.9082264628370079,-0.9082264628370079,0.41847902241638973
3,11,0.6283185307179586,,,,,,,,,,,,
3,11,0.7853981633974483,,,,,,,,,,,,
3,12,-0.7853981633974483,,,,,,,,,,,,
3,12,-0.6283185307179586,,,,,,,,,,,,
3,12,-0.47123889803846897,,,,,,,,,,,,
3,12,-0.3141592653589793,,,,,,,,,,,,
3,12,-0.15707963267948966,,,,,,,,,,,,
3,12,0.0,3.8979157616563596,0.8979157616563598,15.89791576165636,3.8979157616563596,-0.22447894041408997,0.97447894041409,0.97447894041409,0.22447894041408997,-0.9744789404140899,0.2244789404140901,0.2244789404140901,0.9744789404140899
3,12,0.15707963267948966,2.740537862229947,2.9136664575211952,15.062101344492293,3.999517898823838,-0.7284166143802988,0.6851344655574868,0.6851344655574868,0.7284166143802988,-0.9998794747059596,0.015525336123073165,0.015525336123073165,0.9998794747059596
3,12,0.3141592653589793,0.18325805385928204,3.9957998555602994,12.522987232525967,3.1407654719463913,-0.9989499638900748,0.04581451346482051,0.04581451346482051,0.9989499638900748,-0.7851913679865976,-0.6192531918685081,-0.6192531918685081,0.7851913679865976
3,12,0.47123889803846897,-0.8928162838338098,3.8990869550859193,11.161233505645246,1.1242205307764617,-0.9747717387714798,-0.22320407095845246,-0.22320407095845246,0.9747717387714798,-0.2810551326941155,-0.9596916235886886,-0.9596916235886886,0.2810551326941155
3,12,0.6283185307179586,,,,,,,,,,,,
3,12,0.7853981633974483,,,,,,,,,,,,
3,13,-0.7853981633974483,,,,,,,,,,,,
3,13,-0.6283185307179586,,,,,,,,,,,,
3,13,-0.47123889803846897,,,,,,,,,,,,
3,13,-0.3141592653589793,,,,,,,,,,,,
3,13,-0.15707963267948966,,,,,,,,,,,,
3,13,0.0,3.9710138129808614,0.48067587532057426,16.97101381298086,3.4806758753205744,-0.12016896883014357,0.9927534532452154,0.9927534532452154,0.12016896883014357,-0.8701689688301437,0.4927534532452152,0.4927534532452152,0.8701689688301437
3,13,0.15707963267948966,2.7153854918089495,2.9371213170166244,16.024637314666432,3.8665382932790364,-0.7342803292541561,0.6788463729522374,0.6788463729522374,0.7342803292541561,-0.9666345733197591,0.25615932866660795,0.25615932866660795,0.9666345733197591
3,13,0.3141592653589793,-1.3204686453587229,3.775759864798674,11.970317049603116,2.6117084868098184,-0.9439399661996685,-0.3301171613396807,-0.3301171613396807,0.9439399661996685,-0.6529271217024546,-0.757420737599221,-0.757420737599221,0.6529271217024546
3,13,0.47123889803846897,,,,,,,,,,,,
3,13,0.6283185307179586,,,,,,,,,,,,
3,13,0.7853981633974483,,,,,,,,,,,,
3,14,-0.7853981633974483,,,,,,,,,,,,
3,14,-0.6283185307179586,,,,,,,,,,,,
3,14,-0.47123889803846897,,,,,,,,,,,,
3,14,-0.3141592653589793,,,,,,,,,,,,
3,14,-0.15707963267948966,,,,,,,,,,,,
3,14,0.0,,,,,,,,,,,,
3,14,0.15707963267948966,3.2852775299852177,2.2818745695095135,17.58221769343784,3.0548570807316944,-0.5704686423773784,0.8213193824963044,0.8213193824963044,0.5704686423773784,-0.7637142701829234,0.64555442335946,0.64555442335946,0.7637142701829234
3,14,0.3141592653589793,,,,,,,,,,,,
3,14,0.47123889803846897,,,,,,,,,,,,
3,14,0.6283185307179586,,,,,,,,,,,,
3,14,0.7853981633974483,,,,,,,,,,,,
3,15,-0.7853981633974483,,,,,,,,,,,,
3,15,-0.6283185307179586,,,,,,,,,,,,
3,15,-0.47123889803846897,,,,,,,,,,,,
3,15,-0.3141592653589793,,,,,,,,,,,,
3,15,-0.15707963267948966,,,,,,,,,,,,
3,15,0.0,,,,,,,,,,,,
3,15,0.15707963267948966,,,,,,,,,,,,
3,15,0.3141592653589793,,,,,,,,,,,,
3,15,0.47123889803846897,,,,,,,,,,,,
3,15,0.6283185307179586,,,,,,,,,,,,
3,15,0.7853981633974483,,,,,,,,,,,,
3,16,-0.7853981633974483,,,,,,,,,,,,
3,16,-0.6283185307179586,,,,,,,,,,,,
3,16,-0.47123889803846897,,,,,,,,,,,,
3,16,-0.3141592653589793,,,,,,,,,,,,
3,16,-0.15707963267948966,,,,,,,,,,,,
3,16,0.0,,,,,,,,,,,,
3,16,0.15707963267948966,-1.9768828726655643,3.477345842415095,14.295433971977333,3.9374594235568146,-0.8693364606037738,-0.49422071816639107,-0.49422071816639107,0.8693364606037738,-0.9843648558892036,-0.17614150700566666,-0.17614150700566666,0.9843648558892036
3,16,0.3141592653589793,2.777858506569022,2.8781073846335414,18.92181375041632,0.7870050235198436,-0.7195268461583854,0.6944646266422555,0.6944646266422555,0.7195268461583854,-0.19675125587996098,0.9804534376040803,0.9804534376040803,0.19675125587996098
3,16,0.47123889803846897,,,,,,,,,,,,
3,16,0.6283185307179586,,,,,,,,,,,,
3,16,0.7853981633974483,,,,,,,,,,,,
3,17,-0.7853981633974483,,,,,,,,,,,,
3,17,-0.6283185307179586,,,,,,,,,,,,
3,17,-0.47123889803846897,,,,,,,,,,,,
3,17,-0.3141592653589793,,,,,,,,,,,,
3,17,-0.15707963267948966,,,,,,,,,,,,
3,17,0.0,,,,,,,,,,,,
3,17,0.15707963267948966,-1.6406004555011025,3.6480721135155174,15.61940472973693,3.951751229617006,-0.9120180283788795,-0.41015011387527567,-0.4101501138752756,0.9120180283788794,-0.9879378074042516,0.1548511824342325,0.1548511824342325,0.9879378074042516
3,17,0.3141592653589793,1.7167080225031797,3.6128816152031917,18.811719782645632,1.2127622597145464,-0.9032204038007979,0.4291770056257949,0.4291770056257949,0.9032204038007979,-0.30319056492863666,0.9529299456614081,0.9529299456614081,0.30319056492863666
3,17,0.47123889803846897,,,,,,,,,,,,
3,17,0.6283185307179586,,,,,,,,,,,,
3,17,0.7853981633974483,,,,,,,,,,,,
3,18,-0.7853981633974483,,,,,,,,,,,,
3,18,-0.6283185307179586,,,,,,,,,,,,
3,18,-0.47123889803846897,,,,,,,,,,,,
3,18,-0.3141592653589793,,,,,,,,,,,,
3,18,-0.15707963267948966,,,,,,,,,,,,
3,18,0.0,,,,,,,,,,,,
3,18,0.15707963267948966,-1.7893797126085575,3.577446050481393,16.458313813224613,3.7246907015426505,-0.8943615126203482,-0.4473449281521394,-0.4473449281521394,0.8943615126203482,-0.9311726753856628,0.3645784533061534,0.3645784533061534,0.9311726753856628
3,18,0.3141592653589793,0.7642443056914503,3.926312601056899,18.810312582129054,1.2171762511933064,-0.9815781502642248,0.19106107642286257,0.19106107642286257,0.9815781502642248,-0.3042940627983269,0.9525781455322645,0.9525781455322645,0.3042940627983269
3,18,0.47123889803846897,,,,,,,,,,,,
3,18,0.6283185307179586,,,,,,,,,,,,
3,18,0.7853981633974483,,,,,,,,,,,,
3,19,-0.7853981633974483,,,,,,,,,,,,
3,19,-0.6283185307179586,,,,,,,,,,,,
3,19,-0.47123889803846897,,,,,,,,,,,,
3,19,-0.3141592653589793,,,,,,,,,,,,
3,19,-0.15707963267948966,,,,,,,,,,,,
3,19,0.0,-3.8734993995195195,0.9979991993593593,15.12650060048048,3.9979991993593593,-0.24949979983983983,-0.9683748498798799,-0.9683748498798799,0.24949979983983983,-0.9994997998398398,0.031625150120119905,0.031625150120119905,0.9994997998398398
3,19,0.15707963267948966,-2.110327981362717,3.3980164524436254,17.12505388506559,3.388826638464652,-0.8495041131109063,-0.5275819953406793,-0.5275819953406793,0.8495041131109063,-0.8472066596161633,0.5312634712663976,0.5312634712663977,0.8472066596161634
3,19,0.3141592653589793,-0.11905133322200545,3.998227954989318,18.87807345951075,0.9800746107507776,-0.9995569887473296,-0.029762833305501366,-0.029762833305501363,0.9995569887473295,-0.24501865268769457,0.9695183648776886,0.9695183648776886,0.24501865268769457
3,19,0.47123889803846897,,,,,,,,,,,,
3,19,0.6283185307179586,,,,,,,,,,,,
3,19,0.7853981633974483,,,,,,,,,,,,
3,20,-0.7853981633974483,,,,,,,,,,,,
3,20,-0.6283185307179586,,,,,,,,,,,,
3,20,-0.47123889803846897,,,,,,,,,,,,
3,20,-0.3141592653589793,,,,,,,,,,,,
3,20,-0.15707963267948966,,,,,,,,,,,,
3,20,0.0,-3.909004654941586,0.8483410915693107,16.090995345058413,3.848341091569311,-0.21208527289232768,-0.9772511637353966,-0.9772511637353966,0.21208527289232768,-0.9620852728923277,0.27274883626460333,0.27274883626460333,0.9620852728923277
3,20,0.15707963267948966,-2.515542841983691,3.1099910305569396,17.707527365039756,2.9443667515377356,-0.7774977576392349,-0.6288857104959228,-0.6288857104959228,0.7774977576392349,-0.7360916878844339,0.6768818412599389,0.6768818412599389,0.7360916878844339
3,20,0.3141592653589793,-0.9860880076893159,3.8765487796610163,18.962093301338598,0.5493784410475286,-0.9691371949152541,-0.24652200192232898,-0.246522001922329,0.9691371949152542,-0.13734461026188216,0.9905233253346495,0.9905233253346495,0.13734461026188216
3,20,0.47123889803846897,,,,,,,,,,,,
3,20,0.6283185307179586,,,,,,,,,,,,
3,20,0.7853981633974483,,,,,,,,,,,,
4,5,-0.7853981633974483,,,,,,,,,,,,
4,5,-0.6283185307179586,,,,,,,,,,,,
4,5,-0.47123889803846897,,,,,,,,,,,,
4,5,-0.3141592653589793,,,,,,,,,,,,
4,5,-0.15707963267948966,,,,,,,,,,,,
4,5,0.0,,,,,,,,,,,,
4,5,0.15707963267948966,,,,,,,,,,,,
4,5,0.3141592653589793,,,,,,,,,,,,
4,5,0.47123889803846897,,,,,,,,,,,,
4,5,0.6283185307179586,,,,,,,,,,,,
4,5,0.7853981633974483,,,,,,,,,,,,
4,6,-0.7853981633974483,,,,,,,,,,,,
4,6,-0.6283185307179586,,,,,,,,,,,,
4,6,-0.47123889803846897,,,,,,,,,,,,
4,6,-0.3141592653589793,,,,,,,,,,,,
4,6,-0.15707963267948966,,,,,,,,,,,,
4,6,0.0,,,,,,,,,,,,
4,6,0.15707963267948966,,,,,,,,,,,,
4,6,0.3141592653589793,,,,,,,,,,,,
4,6,0.47123889803846897,3.9916714469605927,0.25799042524777605,11.153672591048988,1.098073523563967,-0.06449760631194401,0.9979178617401482,0.9979178617401482,0.06449760631194401,-0.2745183808909918,-0.9615818522377533,-0.9615818522377533,0.2745183808909918
4,6,0.6283185307179586,3.8642742753244788,1.0331429354476915,11.069517250744056,0.7424993991926426,-0.25828573386192294,0.9660685688311198,0.9660685688311197,0.2582857338619229,-0.18562484979816066,-0.982620687313986,-0.982620687313986,0.18562484979816066
4,6,0.7853981633974483,,,,,,,,,,,,
4,7,-0.7853981633974483,,,,,,,,,,,,
4,7,-0.6283185307179586,,,,,,,,,,,,
4,7,-0.47123889803846897,,,,,,,,,,,,
4,7,-0.3141592653589793,,,,,,,,,,,,
4,7,-0.15707963267948966,,,,,,,,,,,,
4,7,0.0,,,,,,,,,,,,
4,7,0.15707963267948966,,,,,,,,,,,,
4,7,0.3141592653589793,3.9230601929496767,0.7807680337293812,11.81652378451554,2.4218751382853636,-0.19519200843234533,0.9807650482374193,0.9807650482374193,0.19519200843234533,-0.6054687845713409,-0.7958690538711148,-0.7958690538711148,0.6054687845713409
4,7,0.47123889803846897,3.583048398557555,1.7781350268171814,11.636056066834318,2.1642276253938255,-0.44453375670429535,0.8957620996393888,0.8957620996393889,0.4445337567042954,-0.5410569063484565,-0.8409859832914207,-0.8409859832914207,0.5410569063484565
4,7,0.6283185307179586,3.2559195817945383,2.3235721802618654,11.270179551589063,1.4451433917143435,-0.5808930450654664,0.8139798954486346,0.8139798954486346,0.5808930450654664,-0.36128584792858587,-0.9324551121027342,-0.9324551121027344,0.3612858479285859
4,7,0.7853981633974483,3.229002746974728,2.360834865048731,11.00717734002675,0.23951452148908858,-0.5902087162621827,0.807250686743682,0.807250686743682,0.5902087162621827,-0.059878630372272146,-0.9982056649933124,-0.9982056649933124,0.059878630372272146
4,8,-0.7853981633974483,,,,,,,,,,,,
4,8,-0.6283185307179586,,,,,,,,,,,,
4,8,-0.47123889803846897,,,,,,,,,,,,
4,8,-0.3141592653589793,,,,,,,,,,,,
4,8,-0.15707963267948966,,,,,,,,,,,,
4,8,0.0,,,,,,,,,,,,
4,8,0.15707963267948966,3.9771703008774435,0.42675097869650597,12.504414885799468,3.1260286207552097,-0.10668774467412649,0.9942925752193609,0.9942925752193609,0.10668774467412649,-0.7815071551888024,-0.623896278550133,-0.623896278550133,0.7815071551888024
4,8,0.3141592653589793,3.599444033719888,1.7447070379058784,12.443964141580906,3.0767971480869134,-0.4361767594764696,0.899861008429972,0.899861008429972,0.4361767594764696,-0.7691992870217285,-0.6390089646047735,-0.6390089646047735,0.7691992870217285
4,8,0.47123889803846897,2.998693556661649,2.6472319417149506,11.942707749126779,2.5793340405520477,-0.6618079854287378,0.7496733891654124,0.7496733891654124,0.6618079854287378,-0.6448335101380119,-0.7643230627183053,-0.7643230627183053,0.6448335101380119
4,8,0.6283185307179586,2.5261957171564564,3.101344095488338,11.349472681325928,1.6351300546483427,-0.7753360238720846,0.6315489292891142,0.6315489292891142,0.7753360238720846,-0.4087825136620857,-0.9126318296685181,-0.9126318296685181,0.4087825136620857
4,8,0.7853981633974483,2.5241539551403536,3.103006092605896,11.009435329378924,0.27457896785970615,-0.775751523151474,0.6310384887850884,0.6310384887850884,0.775751523151474,-0.06864474196492655,-0.9976411676552691,-0.9976411676552691,0.06864474196492655
4,9,-0.7853981633974483,,,,,,,,,,,,
4,9,-0.6283185307179586,,,,,,,,,,,,
4,9,-0.47123889803846897,,,,,,,,,,,,
4,9,-0.3141592653589793,,,,,,,,,,,,
4,9,-0.15707963267948966,,,,,,,,,,,,
4,9,0.0,,,,,,,,,,,,
4,9,0.15707963267948966,3.844299095347777,1.1051535936277197,13.35923202086494,3.647996770646193,-0.2762883984069299,0.9610747738369443,0.9610747738369443,0.2762883984069299,-0.9119991926615483,-0.4101919947837649,-0.4101919947837649,0.9119991926615483
4,9,0.3141592653589793,3.179802524253969,2.426696500749133,12.975379148410141,3.4497696165552205,-0.6066741251872833,0.7949506310634923,0.7949506310634923,0.6066741251872833,-0.8624424041388052,-0.5061552128974648,-0.5061552128974648,0.8624424041388052
4,9,0.47123889803846897,2.276525155101674,3.288986655216056,12.111545871755172,2.7670982543136065,-0.822246663804014,0.5691312887754185,0.5691312887754185,0.822246663804014,-0.6917745635784017,-0.722113532061207,-0.722113532061207,0.6917745635784017
4,9,0.6283185307179586,1.6894313916074541,3.6257166978476545,11.321725350151874,1.5717174047151863,-0.9064291744619136,0.42235784790186354,0.4223578479018636,0.9064291744619137,-0.3929293511787967,-0.9195686624620317,-0.9195686624620317,0.3929293511787967
4,9,0.7853981633974483,1.8077452377810248,3.568200828888423,11.000133393206141,0.03266692295568552,-0.8920502072221057,0.4519363094452562,0.4519363094452562,0.8920502072221057,-0.008166730738921378,-0.9999666516984644,-0.9999666516984644,0.008166730738921378
4,10,-0.7853981633974483,,,,,,,,,,,,
4,10,-0.6283185307179586,,,,,,,,,,,,
4,10,-0.47123889803846897,,,,,,,,,,,,
4,10,-0.3141592653589793,,,,,,,,,,,,
4,10,-0.15707963267948966,,,,,,,,,,,,
4,10,0.0,,,,,,,,,,,,
4,10,0.15707963267948966,3.694883596719291,1.532264731270258,14.197504862831593,3.9186734432485,-0.38306618281756455,0.9237208991798228,0.9237208991798228,0.38306618281756455,-0.9796683608121252,-0.20062378429210173,-0.20062378429210173,0.9796683608121252
4,10,0.3141592653589793,2.684456128084816,2.965416546859459,13.431089268536143,3.679472668290599,-0.7413541367148647,0.671114032021204,0.671114032021204,0.7413541367148647,-0.91986816707265,-0.39222768286596443,-0.39222768286596443,0.91986816707265
4,10,0.47123889803846897,1.3921781243062008,3.749912008328098,12.118205365148066,2.7740331076861016,-0.9374780020820245,0.3480445310765502,0.3480445310765502,0.9374780020820245,-0.6935082769215254,-0.7204486587129835,-0.7204486587129835,0.6935082769215254
4,10,0.6283185307179586,0.7701594954024475,3.9251566021805355,11.211470448321814,1.2833720567555944,-0.9812891505451339,0.1925398738506119,0.1925398738506119,0.9812891505451339,-0.3208430141888986,-0.9471323879195466,-0.9471323879195466,0.3208430141888986
4,10,0.7853981633974483,,,,,,,,,,,,
4,11,-0.7853981633974483,,,,,,,,,,,,
4,11,-0.6283185307179586,,,,,,,,,,,,
4,11,-0.47123889803846897,,,,,,,,,,,,
4,11,-0.3141592653589793,,,,,,,,,,,,
4,11,-0.15707963267948966,,,,,,,,,,,,
4,11,0.0,,,,,,,,,,,,
4,11,0.15707963267948966,3.587434049259349,1.7692701721937973,15.077743655966787,3.9992444191318084,-0.44231754304844934,0.8968585123148373,0.8968585123148373,0.44231754304844934,-0.9998111047829522,0.019435913991696644,0.019435913991696644,0.9998111047829522
4,11,0.3141592653589793,2.094009076360304,3.408097121286403,13.791698733106784,3.8131362483425955,-0.8520242803216007,0.523502269090076,0.523502269090076,0.8520242803216007,-0.9532840620856491,-0.30207531672330395,-0.30207531672330395,0.9532840620856491
4,11,0.47123889803846897,0.30801311548860616,3.9881233582584934,11.92504688051884,2.5582539578769503,-0.9970308395646234,0.07700327887215154,0.07700327887215154,0.9970308395646234,-0.6395634894692377,-0.7687382798702901,-0.7687382798702901,0.6395634894692377
4,11,0.6283185307179586,-0.17619146164919586,3.9961176870610204,11.074136485645118,0.766547889343606,-0.9990294217652551,-0.044047865412298964,-0.044047865412298964,0.9990294217652551,-0.1916369723359015,-0.9814658785887205,-0.9814658785887205,0.1916369723359015
4,11,0.7853981633974483,,,,,,,,,,,,
4,12,-0.7853981633974483,,,,,,,,,,,,
4,12,-0.6283185307179586,,,,,,,,,,,,
4,12,-0.47123889803846897,,,,,,,,,,,,
4,12,-0.3141592653589793,,,,,,,,,,,,
4,12,-0.15707963267948966,,,,,,,,,,,,
4,12,0.0,,,,,,,,,,,,
4,12,0.15707963267948966,3.5801506806795573,1.783962192320707,16.058148627982135,3.8575019742184873,-0.44599054808017674,0.8950376701698893,0.8950376701698893,0.44599054808017674,-0.9643754935546218,0.2645371569955337,0.2645371569955337,0.9643754935546218
4,12,0.3141592653589793,1.3316246314368447,3.7718398482638,13.980370804478476,3.867861980945045,-0.94295996206595,0.3329061578592112,0.33290615785921124,0.9429599620659501,-0.9669654952362613,-0.2549072988803811,-0.2549072988803811,0.9669654952362613
4,12,0.47123889803846897,-0.9746965064660077,3.879428659001601,11.533343782752594,1.9955687588805113,-0.9698571647504003,-0.24367412661650192,-0.24367412661650192,0.9698571647504003,-0.49889218972012783,-0.8666640543118516,-0.8666640543118516,0.49889218972012783
4,12,0.6283185307179586,,,,,,,,,,,,
4,12,0.7853981633974483,,,,,,,,,,,,
4,13,-0.7853981633974483,,,,,,,,,,,,
4,13,-0.6283185307179586,,,,,,,,,,,,
4,13,-0.47123889803846897,,,,,,,,,,,,
4,13,-0.3141592653589793,,,,,,,,,,,,
4,13,-0.15707963267948966,,,,,,,,,,,,
4,13,0.0,,,,,,,,,,,,
4,13,0.15707963267948966,3.7393865835532263,1.4202070196778105,17.20507287145094,3.3373123365353603,-0.3550517549194527,0.9348466458883067,0.9348466458883066,0.3550517549194526,-0.8343280841338399,0.5512682178627352,0.5512682178627353,0.8343280841338401
4,13,0.3141592653589793,0.10804984552734742,3.998540387551627,13.707852534864132,3.785545525857925,-0.9996350968879067,0.027012461381836855,0.02701246138183686,0.9996350968879069,-0.9463863814644813,-0.3230368662839669,-0.3230368662839669,0.9463863814644813
4,13,0.47123889803846897,,,,,,,,,,,,
4,13,0.6283185307179586,,,,,,,,,,,,
4,13,0.7853981633974483,,,,,,,,,,,,
4,14,-0.7853981633974483,,,,,,,,,,,,
4,14,-0.6283185307179586,,,,,,,,,,,,
4,14,-0.47123889803846897,,,,,,,,,,,,
4,14,-0.3141592653589793,,,,,,,,,,,,
4,14,-0.15707963267948966,,,,,,,,,,,,
4,14,0.0,,,,,,,,,,,,
4,14,0.15707963267948966,3.990621210589998,0.2737560110558639,18.44399583908285,2.0344268628731825,-0.06843900276396599,0.9976553026474996,0.9976553026474996,0.06843900276396599,-0.5086067157182957,0.8609989597707124,0.8609989597707124,0.5086067157182957
4,14,0.3141592653589793,,,,,,,,,,,,
4,14,0.47123889803846897,,,,,,,,,,,,
4,14,0.6283185307179586,,,,,,,,,,,,
4,14,0.7853981633974483,,,,,,,,,,,,
4,15,-0.7853981633974483,,,,,,,,,,,,
4,15,-0.6283185307179586,,,,,,,,,,,,
4,15,-0.47123889803846897,,,,,,,,,,,,
4,15,-0.3141592653589793,,,,,,,,,,,,
4,15,-0.15707963267948966,,,,,,,,,,,,
4,15,0.0,,,,,,,,,,,,
4,15,0.15707963267948966,,,,,,,,,,,,
4,15,0.3141592653589793,3.1476978571238945,2.468197358449612,18.649613579050985,1.6371685080060154,-0.617049339612403,0.7869244642809736,0.7869244642809736,0.617049339612403,-0.409292127001504,0.9124033947627468,0.9124033947627468,0.409292127001504
4,15,0.47123889803846897,,,,,,,,,,,,
4,15,0.6283185307179586,,,,,,,,,,,,
4,15,0.7853981633974483,,,,,,,,,,,,
4,16,-0.7853981633974483,,,,,,,,,,,,
4,16,-0.6283185307179586,,,,,,,,,,,,
4,16,-0.47123889803846897,,,,,,,,,,,,
4,16,-0.3141592653589793,,,,,,,,,,,,
4,16,-0.15707963267948966,,,,,,,,,,,,
4,16,0.0,,,,,,,,,,,,
4,16,0.15707963267948966,,,,,,,,,,,,
4,16,0.3141592653589793,1.6759928410982337,3.6319482370468155,18.12896507932048,2.4919023922282713,-0.9079870592617039,0.4189982102745584,0.4189982102745584,0.9079870592617039,-0.6229755980570679,0.7822412698301201,0.7822412698301201,0.6229755980570679
4,16,0.47123889803846897,,,,,,,,,,,,
4,16,0.6283185307179586,,,,,,,,,,,,
4,16,0.7853981633974483,,,,,,,,,,,,
4,17,-0.7853981633974483,,,,,,,,,,,,
4,17,-0.6283185307179586,,,,,,,,,,,,
4,17,-0.47123889803846897,,,,,,,,,,,,
4,17,-0.3141592653589793,,,,,,,,,,,,
4,17,-0.15707963267948966,,,,,,,,,,,,
4,17,0.0,,,,,,,,,,,,
4,17,0.15707963267948966,-2.979511834144775,2.668802958292582,14.436927816133489,3.960170414989208,-0.6672007395731455,-0.7448779585361938,-0.7448779585361938,0.6672007395731455,-0.9900426037473021,-0.14076804596662787,-0.14076804596662787,0.9900426037473021
4,17,0.3141592653589793,0.7316453694369658,3.932517648197074,18.135674123954367,2.4834548090035824,-0.9831294120492685,0.18291134235924145,0.18291134235924145,0.9831294120492685,-0.6208637022508956,0.7839185309885917,0.7839185309885917,0.6208637022508956
4,17,0.47123889803846897,,,,,,,,,,,,
4,17,0.6283185307179586,,,,,,,,,,,,
4,17,0.7853981633974483,,,,,,,,,,,,
4,18,-0.7853981633974483,,,,,,,,,,,,
4,18,-0.6283185307179586,,,,,,,,,,,,
4,18,-0.47123889803846897,,,,,,,,,,,,
4,18,-0.3141592653589793,,,,,,,,,,,,
4,18,-0.15707963267948966,,,,,,,,,,,,
4,18,0.0,,,,,,,,,,,,
4,18,0.15707963267948966,-2.8327936198184833,2.8240538782954716,15.571334371054919,3.958986869951867,-0.7060134695738679,-0.7081984049546208,-0.7081984049546208,0.7060134695738679,-0.9897467174879667,0.14283359276372964,0.14283359276372964,0.9897467174879667
4,18,0.3141592653589793,-0.04226245225216792,3.9997767294099846,18.312822818560388,2.2416968958415455,-0.9999441823524962,-0.01056561306304198,-0.01056561306304198,0.9999441823524962,-0.5604242239603862,0.8282057046400967,0.8282057046400967,0.5604242239603862
4,18,0.47123889803846897,,,,,,,,,,,,
4,18,0.6283185307179586,,,,,,,,,,,,
4,18,0.7853981633974483,,,,,,,,,,,,
4,19,-0.7853981633974483,,,,,,,,,,,,
4,19,-0.6283185307179586,,,,,,,,,,,,
4,19,-0.47123889803846897,,,,,,,,,,,,
4,19,-0.3141592653589793,,,,,,,,,,,,
4,19,-0.15707963267948966,,,,,,,,,,,,
4,19,0.0,,,,,,,,,,,,
4,19,0.15707963267948966,-2.9151536300382,2.738955880125692,16.47666270143034,3.7174544067418567,-0.684738970031423,-0.72878840750955,-0.7287884075095501,0.6847389700314231,-0.9293636016854643,0.36916567535758477,0.36916567535758477,0.9293636016854643
4,19,0.3141592653589793,-0.7644647436911275,3.926269687076177,18.54167704341658,1.8591728591327903,-0.9815674217690442,-0.19111618592278187,-0.19111618592278187,0.9815674217690442,-0.46479321478319746,0.8854192608541449,0.8854192608541451,0.4647932147831976
4,19,0.47123889803846897,,,,,,,,,,,,
4,19,0.6283185307179586,,,,,,,,,,,,
4,19,0.7853981633974483,,,,,,,,,,,,
4,20,-0.7853981633974483,,,,,,,,,,,,
4,20,-0.6283185307179586,,,,,,,,,,,,
4,20,-0.47123889803846897,,,,,,,,,,,,
4,20,-0.3141592653589793,,,,,,,,,,,,
4,20,-0.15707963267948966,,,,,,,,,,,,
4,20,0.0,,,,,,,,,,,,
4,20,0.15707963267948966,-3.132652892035734,2.487264734205057,17.246851780027946,3.3093287957809903,-0.6218161835512642,-0.7831632230089335,-0.7831632230089335,0.6218161835512642,-0.8273321989452473,0.5617129450069863,0.5617129450069863,0.8273321989452473
4,20,0.3141592653589793,-1.4872957125919157,3.713213091556382,18.769902590810947,1.3370992692380481,-0.9283032728890956,-0.371823928147979,-0.37182392814797893,0.9283032728890955,-0.334274817309512,0.9424756477027365,0.9424756477027363,0.33427481730951186
4,20,0.47123889803846897,,,,,,,,,,,,
4,20,0.6283185307179586,,,,,,,,,,,,
4,20,0.7853981633974483,,,,,,,,,,,,
5,5,-0.7853981633974483,,,,,,,,,,,,
5,5,-0.6283185307179586,,,,,,,,,,,,
5,5,-0.47123889803846897,,,,,,,,,,,,
5,5,-0.3141592653589793,,,,,,,,,,,,
5,5,-0.15707963267948966,,,,,,,,,,,,
5,5,0.0,,,,,,,,,,,,
5,5,0.15707963267948966,,,,,,,,,,,,
5,5,0.3141592653589793,,,,,,,,,,,,
5,5,0.47123889803846897,,,,,,,,,,,,
5,5,0.6283185307179586,,,,,,,,,,,,
5,5,0.7853981633974483,3.9644660940672627,0.5319855157718699,11.035533905932738,0.5319855157718701,-0.13299637894296748,0.9911165235168157,0.9911165235168157,0.13299637894296748,-0.13299637894296756,-0.9911165235168157,-0.9911165235168157,0.13299637894296756
5,6,-0.7853981633974483,,,,,,,,,,,,
5,6,-0.6283185307179586,,,,,,,,,,,,
5,6,-0.47123889803846897,,,,,,,,,,,,
5,6,-0.3141592653589793,,,,,,,,,,,,
5,6,-0.15707963267948966,,,,,,,,,,,,
5,6,0.0,,,,,,,,,,,,
5,6,0.15707963267948966,,,,,,,,,,,,
5,6,0.3141592653589793,,,,,,,,,,,,
5,6,0.47123889803846897,3.9825122970861044,0.3736252180433763,11.598503940914046,2.104714840547935,-0.09340630451084407,0.9956280742715261,0.9956280742715261,0.09340630451084407,-0.5261787101369838,-0.8503740147714887,-0.8503740147714887,0.5261787101369838
5,6,0.6283185307179586,3.7266578696793577,1.453279437120374,11.519686097391407,1.9716528952402728,-0.3633198592800935,0.9316644674198394,0.9316644674198394,0.3633198592800935,-0.4929132238100682,-0.8700784756521482,-0.8700784756521482,0.4929132238100682
5,6,0.7853981633974483,3.4467997051443477,2.029672828959593,11.22497429819637,1.3225660477730459,-0.5074182072398983,0.8616999262860869,0.8616999262860869,0.5074182072398983,-0.33064151194326147,-0.9437564254509074,-0.9437564254509074,0.33064151194326147
5,7,-0.7853981633974483,,,,,,,,,,,,
5,7,-0.6283185307179586,,,,,,,,,,,,
5,7,-0.47123889803846897,,,,,,,,,,,,
5,7,-0.3141592653589793,,,,,,,,,,,,
5,7,-0.15707963267948966,,,,,,,,,,,,
5,7,0.0,,,,,,,,,,,,
5,7,0.15707963267948966,,,,,,,,,,,,
5,7,0.3141592653589793,3.99163047870542,0.2586235129873934,12.194111064646233,2.8507871338385296,-0.06465587824684835,0.997907619676355,0.997907619676355,0.06465587824684835,-0.7126967834596325,-0.7014722338384419,-0.7014722338384419,0.7126967834596325
5,7,0.47123889803846897,3.6803008004739928,1.5669671400608525,12.187298968490303,2.8440662628258644,-0.3917417850152131,0.9200752001184982,0.9200752001184982,0.3917417850152131,-0.7110165657064663,-0.7031752578774244,-0.7031752578774244,0.7110165657064663
5,7,0.6283185307179586,3.1729291133906985,2.435676670126336,11.774974335477697,2.3662648759537617,-0.608919167531584,0.7932322783476746,0.7932322783476746,0.608919167531584,-0.5915662189884406,-0.8062564161305759,-0.8062564161305759,0.5915662189884406
5,7,0.7853981633974483,2.788267902902478,2.8680240761966798,11.273549277141047,1.453810513823585,-0.7170060190491699,0.6970669757256195,0.6970669757256195,0.7170060190491699,-0.3634526284558962,-0.931612680714738,-0.931612680714738,0.3634526284558962
5,8,-0.7853981633974483,,,,,,,,,,,,
5,8,-0.6283185307179586,,,,,,,,,,,,
5,8,-0.47123889803846897,,,,,,,,,,,,
5,8,-0.3141592653589793,,,,,,,,,,,,
5,8,-0.15707963267948966,,,,,,,,,,,,
5,8,0.0,,,,,,,,,,,,
5,8,0.15707963267948966,,,,,,,,,,,,
5,8,0.3141592653589793,3.8254482250040813,1.1687368727875076,12.978985327240046,3.451883499263696,-0.2921842181968769,0.9563620562510203,0.9563620562510203,0.2921842181968769,-0.862970874815924,-0.5052536681899884,-0.5052536681899884,0.862970874815924
5,8,0.47123889803846897,3.2117828301795646,2.3842086846087414,12.609787522384241,3.2073173076342067,-0.5960521711521855,0.8029457075448913,0.8029457075448913,0.5960521711521855,-0.8018293269085517,-0.5975531194039396,-0.5975531194039396,0.8018293269085517
5,8,0.6283185307179586,2.4624446740345567,3.1522002200556436,11.8735068904965,2.4950031735905958,-0.7880500550139109,0.6156111685086392,0.6156111685086392,0.7880500550139109,-0.6237507933976488,-0.7816232773758747,-0.7816232773758747,0.6237507933976488
5,8,0.7853981633974483,2.032933533250872,3.4448775376468936,11.22532168867599,1.3235571940872513,-0.8612193844117235,0.5082333833127181,0.5082333833127181,0.8612193844117235,-0.33088929852181287,-0.9436695778310026,-0.9436695778310026,0.33088929852181287
5,9,-0.7853981633974483,,,,,,,,,,,,
5,9,-0.6283185307179586,,,,,,,,,,,,
5,9,-0.47123889803846897,,,,,,,,,,,,
5,9,-0.3141592653589793,,,,,,,,,,,,
5,9,-0.15707963267948966,,,,,,,,,,,,
5,9,0.0,,,,,,,,,,,,
5,9,0.15707963267948966,3.9928042283869307,0.23982158738413883,13.664171618944325,3.7703531049977497,-0.05995539684603471,0.9982010570967327,0.9982010570967327,0.05995539684603471,-0.9425882762494375,-0.33395709526391887,-0.33395709526391887,0.9425882762494375
5,9,0.3141592653589793,3.5718394134243914,1.800545252057859,13.676433031955511,3.7746748841591002,-0.4501363130144648,0.8929598533560978,0.8929598533560978,0.4501363130144648,-0.9436687210397752,-0.3308917420111222,-0.3308917420111222,0.9436687210397752
5,9,0.47123889803846897,2.6076146759045673,3.0332071643735645,12.896625892297612,3.4023252876594827,-0.7583017910933911,0.6519036689761418,0.6519036689761418,0.7583017910933911,-0.8505813219148707,-0.525843526925597,-0.5258435269255971,0.8505813219148708
5,9,0.6283185307179586,1.5968748391593994,3.6674229028105882,11.816954049996292,2.4224406040530675,-0.9168557257026472,0.3992187097898499,0.3992187097898499,0.9168557257026472,-0.605610151013267,-0.795761487500927,-0.795761487500927,0.605610151013267
5,9,0.7853981633974483,1.2224615426933265,3.8086201932768056,11.121956479304991,0.9801930685306157,-0.9521550483192015,0.3056153856733317,0.30561538567333163,0.9521550483192014,-0.24504826713265393,-0.9695108801737522,-0.9695108801737522,0.24504826713265393
5,10,-0.7853981633974483,,,,,,,,,,,,
5,10,-0.6283185307179586,,,,,,,,,,,,
5,10,-0.47123889803846897,,,,,,,,,,,,
5,10,-0.3141592653589793,,,,,,,,,,,,
5,10,-0.15707963267948966,,,,,,,,,,,,
5,10,0.0,,,,,,,,,,,,
5,10,0.15707963267948966,3.9536587357836,0.6071100402414907,14.612714466936131,3.981207092814871,-0.15177751006037268,0.9884146839459,0.9884146839459,0.15177751006037268,-0.9953017732037177,-0.09682138326596723,-0.09682138326596723,0.9953017732037177
5,10,0.3141592653589793,3.286308961315651,2.280388872709312,14.341959096141924,3.9455015104356055,-0.570097218177328,0.8215772403289128,0.8215772403289129,0.5700972181773281,-0.9863753776089015,-0.16451022596451906,-0.16451022596451906,0.9863753776089015
5,10,0.47123889803846897,1.8319302090748182,3.555844725108099,13.01194794965623,3.4709723486544704,-0.8889611812770248,0.4579825522687046,0.4579825522687046,0.8889611812770248,-0.8677430871636177,-0.4970130125859425,-0.4970130125859425,0.8677430871636177
5,10,0.6283185307179586,0.5818476560996022,3.9574554078462336,11.610943861311442,2.12468785679624,-0.9893638519615584,0.14546191402490055,0.14546191402490055,0.9893638519615584,-0.5311719641990601,-0.8472640346721396,-0.8472640346721396,0.5311719641990601
5,10,0.7853981633974483,0.41795721547858666,3.9781040416295532,11.0245589332768,0.4425701356968159,-0.9945260104073883,0.10448930386964667,0.10448930386964667,0.9945260104073883,-0.11064253392420403,-0.9938602666808003,-0.9938602666808003,0.11064253392420403
5,11,-0.7853981633974483,,,,,,,,,,,,
5,11,-0.6283185307179586,,,,,,,,,,,,
5,11,-0.47123889803846897,,,,,,,,,,,,
5,11,-0.3141592653589793,,,,,,,,,,,,
5,11,-0.15707963267948966,,,,,,,,,,,,
5,11,0.0,,,,,,,,,,,,
5,11,0.15707963267948966,3.930876500723018,0.740412004267596,15.577620572470687,3.958074591800745,-0.18510300106689903,0.9827191251807547,0.9827191251807545,0.185103001066899,-0.9895186479501863,0.14440514311767183,0.14440514311767183,0.9895186479501863
5,11,0.3141592653589793,3.0016355127358283,2.6438956576769668,15.008342163857254,3.999991301028313,-0.6609739144192417,0.7504088781839571,0.7504088781839571,0.6609739144192417,-0.9999978252570784,0.0020855409643134597,0.0020855409643134597,0.9999978252570784
5,11,0.47123889803846897,0.7927479691617221,3.9206569165625758,12.863772233931503,3.3817940403694005,-0.980164229140644,0.19818699229043055,0.19818699229043055,0.980164229140644,-0.8454485100923502,-0.5340569415171245,-0.5340569415171245,0.8454485100923502
5,11,0.6283185307179586,-0.5279170199243276,3.965009914246649,11.31019617966246,1.5444571109041818,-0.9912524785616622,-0.1319792549810819,-0.1319792549810819,0.9912524785616622,-0.38611427772604556,-0.9224509550843851,-0.9224509550843851,0.38611427772604556
5,11,0.7853981633974483,,,,,,,,,,,,
5,12,-0.7853981633974483,,,,,,,,,,,,
5,12,-0.6283185307179586,,,,,,,,,,,,
5,12,-0.47123889803846897,,,,,,,,,,,,
5,12,-0.3141592653589793,,,,,,,,,,,,
5,12,-0.15707963267948966,,,,,,,,,,,,
5,12,0.0,,,,,,,,,,,,
5,12,0.15707963267948966,3.9531809261051314,0.6102135408843156,16.587613338447937,3.6714416633772338,-0.15255338522107892,0.988295231526283,0.988295231526283,0.15255338522107892,-0.9178604158443087,0.39690333461198446,0.39690333461198446,0.9178604158443087
5,12,0.3141592653589793,2.7693703824041305,2.886275746539613,15.72713354982071,3.9333543955160124,-0.7215689366349033,0.6923425956010326,0.6923425956010326,0.7215689366349033,-0.9833385988790031,0.18178338745517753,0.18178338745517753,0.9833385988790031
5,12,0.47123889803846897,-0.661080545404826,3.9449933475846644,12.300950243553324,2.9521399716519423,-0.9862483368961662,-0.16527013635120652,-0.16527013635120652,0.9862483368961662,-0.7380349929129857,-0.6747624391116692,-0.6747624391116692,0.7380349929129857
5,12,0.6283185307179586,,,,,,,,,,,,
5,12,0.7853981633974483,,,,,,,,,,,,
5,13,-0.7853981633974483,,,,,,,,,,,,
5,13,-0.6283185307179586,,,,,,,,,,,,
5,13,-0.47123889803846897,,,,,,,,,,,,
5,13,-0.3141592653589793,,,,,,,,,,,,
5,13,-0.15707963267948966,,,,,,,,,,,,
5,13,0.0,,,,,,,,,,,,
5,13,0.15707963267948966,3.9982774704154482,0.11737661423062444,17.620398223353394,3.022170271683312,-0.02934415355765611,0.9995693676038621,0.9995693676038621,0.02934415355765611,-0.7555425679208277,0.6550995558383484,0.6550995558383484,0.7555425679208277
5,13,0.3141592653589793,2.7560479730910292,2.898999753366811,16.664867656802762,3.637061407968263,-0.7247499383417028,0.6890119932727573,0.6890119932727573,0.7247499383417028,-0.9092653519920657,0.4162169142006906,0.4162169142006906,0.9092653519920657
5,13,0.47123889803846897,,,,,,,,,,,,
5,13,0.6283185307179586,,,,,,,,,,,,
5,13,0.7853981633974483,,,,,,,,,,,,
5,14,-0.7853981633974483,,,,,,,,,,,,
5,14,-0.6283185307179586,,,,,,,,,,,,
5,14,-0.47123889803846897,,,,,,,,,,,,
5,14,-0.3141592653589793,,,,,,,,,,,,
5,14,-0.15707963267948966,,,,,,,,,,,,
5,14,0.0,,,,,,,,,,,,
5,14,0.15707963267948966,,,,,,,,,,,,
5,14,0.3141592653589793,3.8663552637830807,1.025327739904108,18.72623146378997,1.4543724001306122,-0.256331934976027,0.9665888159457702,0.9665888159457702,0.256331934976027,-0.363593100032653,0.9315578659474919,0.9315578659474919,0.363593100032653
5,14,0.47123889803846897,,,,,,,,,,,,
5,14,0.6283185307179586,,,,,,,,,,,,
5,14,0.7853981633974483,,,,,,,,,,,,
5,15,-0.7853981633974483,,,,,,,,,,,,
5,15,-0.6283185307179586,,,,,,,,,,,,
5,15,-0.47123889803846897,,,,,,,,,,,,
5,15,-0.3141592653589793,,,,,,,,,,,,
5,15,-0.15707963267948966,,,,,,,,,,,,
5,15,0.0,,,,,,,,,,,,
5,15,0.15707963267948966,,,,,,,,,,,,
5,15,0.3141592653589793,-0.9880503804750914,3.8760490767846356,14.82288233582695,3.9960767426361925,-0.969012269196159,-0.24701259511877288,-0.24701259511877288,0.969012269196159,-0.9990191856590481,-0.044279416043262465,-0.044279416043262465,0.9990191856590481
5,15,0.47123889803846897,,,,,,,,,,,,
5,15,0.6283185307179586,,,,,,,,,,,,
5,15,0.7853981633974483,,,,,,,,,,,,
5,16,-0.7853981633974483,,,,,,,,,,,,
5,16,-0.6283185307179586,,,,,,,,,,,,
5,16,-0.47123889803846897,,,,,,,,,,,,
5,16,-0.3141592653589793,,,,,,,,,,,,
5,16,-0.15707963267948966,,,,,,,,,,,,
5,16,0.0,,,,,,,,,,,,
5,16,0.15707963267948966,,,,,,,,,,,,
5,16,0.3141592653589793,-0.46500264740572944,3.9728796279154572,16.296986585191465,3.7838902993920667,-0.9932199069788643,-0.11625066185143236,-0.11625066185143237,0.9932199069788644,-0.9459725748480167,0.32424664629786637,0.32424664629786637,0.9459725748480167
5,16,0.47123889803846897,2.4589401495620984,3.1549347601609012,18.984997035273718,0.3461193852699922,-0.7887336900402254,0.6147350373905247,0.6147350373905247,0.7887336900402254,-0.08652984631749805,0.9962492588184295,0.9962492588184295,0.08652984631749805
5,16,0.6283185307179586,,,,,,,,,,,,
5,16,0.7853981633974483,,,,,,,,,,,,
5,17,-0.7853981633974483,,,,,,,,,,,,
5,17,-0.6283185307179586,,,,,,,,,,,,
5,17,-0.47123889803846897,,,,,,,,,,,,
5,17,-0.3141592653589793,,,,,,,,,,,,
5,17,-0.15707963267948966,,,,,,,,,,,,
5,17,0.0,,,,,,,,,,,,
5,17,0.15707963267948966,-3.681453620711387,1.5642567687406752,13.891420494607107,3.8433125660324388,-0.3910641921851688,-0.9203634051778468,-0.9203634051778468,0.3910641921851688,-0.9608281415081098,-0.2771448763482232,-0.27714487634822316,0.9608281415081097
5,17,0.3141592653589793,-0.678634741579318,3.9420115280807555,17.03441100731303,3.4440052051824175,-0.9855028820201889,-0.1696586853948295,-0.1696586853948295,0.9855028820201889,-0.8610013012956045,0.5086027518282573,0.5086027518282573,0.8610013012956045
5,17,0.47123889803846897,1.5608140005465951,3.6829145599236663,18.977877410446585,0.42010868529321055,-0.9207286399809166,0.3902035001366488,0.3902035001366488,0.9207286399809166,-0.1050271713233026,0.9944693526116457,0.9944693526116457,0.1050271713233026
5,17,0.6283185307179586,,,,,,,,,,,,
5,17,0.7853981633974483,,,,,,,,,,,,
5,18,-0.7853981633974483,,,,,,,,,,,,
5,18,-0.6283185307179586,,,,,,,,,,,,
5,18,-0.47123889803846897,,,,,,,,,,,,
5,18,-0.3141592653589793,,,,,,,,,,,,
5,18,-0.15707963267948966,,,,,,,,,,,,
5,18,0.0,,,,,,,,,,,,
5,18,0.15707963267948966,-3.5321139818032345,1.8772775020092523,15.028448474110398,3.9998988342607853,-0.4693193755023131,-0.8830284954508087,-0.8830284954508087,0.4693193755023131,-0.9999747085651964,0.007112118527599521,0.00711211852759952,0.9999747085651963
5,18,0.3141592653589793,-1.072157660873719,3.8536317870587733,17.59194460431378,3.046608469785488,-0.9634079467646933,-0.2680394152184298,-0.2680394152184298,0.9634079467646933,-0.7616521174463722,0.6479861510784454,0.6479861510784454,0.7616521174463722
5,18,0.47123889803846897,0.6856531143046757,3.940796849222794,18.99372304839303,0.2240004748527915,-0.9851992123056985,0.17141327857616892,0.17141327857616892,0.9851992123056985,-0.056000118713197905,0.9984307620982578,0.9984307620982578,0.056000118713197905
5,18,0.6283185307179586,,,,,,,,,,,,
5,18,0.7853981633974483,,,,,,,,,,,,
5,19,-0.7853981633974483,,,,,,,,,,,,
5,19,-0.6283185307179586,,,,,,,,,,,,
5,19,-0.47123889803846897,,,,,,,,,,,,
5,19,-0.3141592653589793,,,,,,,,,,,,
5,19,-0.15707963267948966,,,,,,,,,,,,
5,19,0.0,,,,,,,,,,,,
5,19,0.15707963267948966,-3.520237233215972,1.8994551381593507,16.0280135632928,3.865642005370653,-0.4748637845398377,-0.880059308303993,-0.880059308303993,0.4748637845398377,-0.9664105013426633,0.2570033908231997,0.2570033908231997,0.9664105013426633
5,19,0.3141592653589793,-1.5509038279830865,3.6870987668283868,18.06425495349957,2.571058455180154,-0.9217746917070967,-0.3877259569957716,-0.3877259569957716,0.9217746917070967,-0.6427646137950381,0.7660637383748924,0.7660637383748924,0.6427646137950381
5,19,0.47123889803846897,,,,,,,,,,,,
5,19,0.6283185307179586,,,,,,,,,,,,
5,19,0.7853981633974483,,,,,,,,,,,,
5,20,-0.7853981633974483,,,,,,,,,,,,
5,20,-0.6283185307179586,,,,,,,,,,,,
5,20,-0.47123889803846897,,,,,,,,,,,,
5,20,-0.3141592653589793,,,,,,,,,,,,
5,20,-0.15707963267948966,,,,,,,,,,,,
5,20,0.0,,,,,,,,,,,,
5,20,0.15707963267948966,-3.6200395989247722,1.7015620183280349,16.915899538179136,3.5113144204991062,-0.4253905045820087,-0.9050098997311931,-0.9050098997311931,0.4253905045820087,-0.8778286051247766,0.4789748845447841,0.4789748845447841,0.8778286051247766
5,20,0.3141592653589793,-2.0928006876771548,3.408839286569261,18.473414610100654,1.9837819805460808,-0.8522098216423153,-0.5232001719192887,-0.5232001719192887,0.8522098216423153,-0.4959454951365201,0.8683536525251634,0.8683536525251633,0.49594549513652
5,20,0.47123889803846897,,,,,,,,,,,,
5,20,0.6283185307179586,,,,,,,,,,,,
5,20,0.7853981633974483,,,,,,,,,,,,
